-- phpMyAdmin SQL Dump
-- version 5.0.4
-- https://www.phpmyadmin.net/
--
-- Servidor: 127.0.0.1
-- Tiempo de generación: 22-02-2021 a las 03:37:18
-- Versión del servidor: 10.4.17-MariaDB
-- Versión de PHP: 8.0.0

SET SQL_MODE = "NO_AUTO_VALUE_ON_ZERO";
START TRANSACTION;
SET time_zone = "+00:00";


/*!40101 SET @OLD_CHARACTER_SET_CLIENT=@@CHARACTER_SET_CLIENT */;
/*!40101 SET @OLD_CHARACTER_SET_RESULTS=@@CHARACTER_SET_RESULTS */;
/*!40101 SET @OLD_COLLATION_CONNECTION=@@COLLATION_CONNECTION */;
/*!40101 SET NAMES utf8mb4 */;

--
-- Base de datos: `dbproyectocolegio`
--

DELIMITER $$
--
-- Procedimientos
--
CREATE DEFINER=`root`@`localhost` PROCEDURE `alumnosxgrados` ()  select g.grado as grado,	 
	 count(m.idalumno) as cantidad
	 from secciones s inner join matriculas m on s.idseccion=m.idseccion 
	 inner join grados g on s.idgrado=g.idgrado
	 group by  g.grado$$

CREATE DEFINER=`root`@`localhost` PROCEDURE `alumnosxnivel` ()  select n.nivel	as nivel,
	   count(m.idalumno) as cantidad
	   from secciones s 
	   inner join matriculas m on s.idseccion=m.idseccion 
	   inner join grados g on s.idgrado=g.idgrado
	   inner join niveles n on n.idnivel=g.idnivel
	   group by n.nivel$$

CREATE DEFINER=`root`@`localhost` PROCEDURE `alumnosxperiodo` ()  select p.periodo	as periodo,
	   count(m.idalumno) as cantidad
	   from periodos p inner join matriculas m on p.idperiodo=m.idperiodo
	   group by p.idperiodo$$

DELIMITER ;

-- --------------------------------------------------------

--
-- Estructura de tabla para la tabla `alumnos`
--

CREATE TABLE `alumnos` (
  `idalumno` int(11) NOT NULL,
  `iddistrito` int(11) NOT NULL,
  `codigoalumno` char(10) NOT NULL,
  `dni` char(8) NOT NULL,
  `apellidos` varchar(50) NOT NULL,
  `nombres` varchar(50) NOT NULL,
  `sexo` varchar(50) NOT NULL,
  `fechanacimiento` date NOT NULL,
  `lenguamaterna` varchar(50) NOT NULL,
  `estadocivil` varchar(50) DEFAULT NULL,
  `religion` varchar(50) DEFAULT NULL,
  `colegioprocedencia` varchar(50) NOT NULL,
  `direccion` varchar(50) NOT NULL,
  `telefono` char(9) DEFAULT NULL,
  `mediotransporte` varchar(50) NOT NULL,
  `tiempodemora` int(11) NOT NULL,
  `materialdomicilio` varchar(30) DEFAULT NULL,
  `energiaelectrica` varchar(50) DEFAULT NULL,
  `aguapotable` varchar(50) DEFAULT NULL,
  `desague` varchar(50) DEFAULT NULL,
  `sshh` varchar(50) DEFAULT NULL,
  `numerohabitaciones` int(11) DEFAULT NULL,
  `numerohabitantes` int(11) DEFAULT NULL,
  `situacion` varchar(50) DEFAULT NULL,
  `estado` char(1) NOT NULL
) ENGINE=InnoDB DEFAULT CHARSET=utf8mb4;

--
-- Volcado de datos para la tabla `alumnos`
--

INSERT INTO `alumnos` (`idalumno`, `iddistrito`, `codigoalumno`, `dni`, `apellidos`, `nombres`, `sexo`, `fechanacimiento`, `lenguamaterna`, `estadocivil`, `religion`, `colegioprocedencia`, `direccion`, `telefono`, `mediotransporte`, `tiempodemora`, `materialdomicilio`, `energiaelectrica`, `aguapotable`, `desague`, `sshh`, `numerohabitaciones`, `numerohabitantes`, `situacion`, `estado`) VALUES
(1, 130101, '1023478738', '75748511', 'VALVERDE ROSAS', 'JUAN ALBERTO', 'MASCULINO', '2002-01-21', 'CASTELLANO', 'SOLTERO', 'CATOLICA', 'SAN JUAN', 'Av. Húsares de Junín, 690', '948367245', 'BUS', 10, 'LADRILLO Y/O CEMENTO', 'INSTALACION DOMICILIARIA', 'INSTALACION COMPARTIDA', 'INSTALACION DOMICILIARIA', 'INODORO CON AGUA CORRIENTE', 4, 6, 'PROMOVIDO', '1'),
(2, 130601, '1023478523', '87563422', 'CALDERON MENDEZ', 'LUIS LEONNOR', 'MASCULINO', '2015-05-11', 'CASTELLANO', 'SOLTERO', 'CATOLICA', 'JOSE OLAYA', 'Calle Santiago Huaco Medina', '946745982', 'MOTO', 8, 'LADRILLO', 'INSTALACION DOMICILIARIA', 'INSTALACION COMPARTIDA', 'INSTALACION PUBLICA', 'INODORO SIN AGUA CORRIENTE', 5, 6, 'PROMOVIDO', '1'),
(3, 61305, '1023478620', '29389444', 'ARENAS GUERRERO', 'PERLA ALEJANDRA', 'FEMENINO', '2005-01-12', 'CASTELLANO', 'SOLTERO', 'CRISTIANA', 'MANUEL COX', '3668 Williamson Course', '946734829', 'TAXI', 5, 'LADRILLO Y CEMENTO', 'INSTALACION PUBLICA', 'INSTALACION COMPARTIDA', 'INSTALACION DOMICILIARIA', 'INODORO CON AGUA CORRIENTE', 5, 10, 'RETIRADO', '1'),
(4, 60506, '4552655064', '70871474', 'MUÑOZ ION', 'JOSE LUIS', 'MASCULINO', '2010-02-14', 'CASTELLANO', 'SOLTERO', 'CATOLICA', 'ALPAMAYO', '761 Erdman Drive', '921315345', 'MICRO', 12, 'LADRILLO Y CEMENTO', 'INSTALACION DOMICILIARIA', 'INSTALACION COMPARTIDA', 'INSTALACION PUBLICA', 'INODORO CON AGUA CORRIENTE', 6, 10, 'EXPULSADO', '1'),
(5, 130502, '2932436529', '72188398', 'MORON SANCHEZ', 'FATIMA DALESHKA', 'FEMENINO', '2002-03-11', 'CASTELLANO', 'SOLTERO', 'CRISTIANA', 'ANTONIO RAYMONDI', '46170 Gudrun Via', '934534323', 'TAXI', 5, 'LADRILLO', 'INSTALACION PUBLICA', 'INSTALACION COMPARTIDA', 'INSTALACION DOMICILIARIA', 'INODORO SIN AGUA CORRIENTE', 2, 1, 'PROMOVIDO', '1'),
(6, 100703, '7529127274', '73590558', 'VINUESA TORRICO', 'SEBASTIAN ALEJANDRO', 'MASCULINO', '2005-04-28', 'CASTELLANO', 'SOLTERO', 'CATOLICA', 'Cambridge College Lima', '7362 A, Avenida', '975545634', 'MICRO', 10, 'CEMENTO', 'INSTALACION DOMICILIARIA', 'INSTALACION COMPARTIDA', 'INSTALACION DOMICILIARIA', 'INODORO CON AGUA CORRIENTE', 3, 2, 'PROMOVIDO', '1'),
(7, 90411, '7123514087', '75678691', 'GAITAN MARISCAL', 'MARIA CARMEN', 'FEMENINO', '2013-05-11', 'CASTELLANO', 'SOLTERO', 'CRISTIANA', 'José Antonio Encinas', 'Avenida Argentina 6304', '932942934', 'TAXI', 4, 'CEMENTO', 'INSTALACION PUBLICA', 'INSTALACION COMPARTIDA', 'INSTALACION DOMICILIARIA', 'INODORO CON AGUA CORRIENTE', 4, 5, 'ACEPTADO', '1'),
(8, 220702, '3563827930', '70190949', 'CABALLERO ASENJO', 'IVAN', 'MASCULINO', '2003-06-16', 'CASTELLANO', 'SOLTERO', 'CATOLICA', 'Markham College', 'Avenida Mexico 454', '929355384', 'MICRO', 12, 'LADRILLO Y CEMENTO', 'INSTALACION DOMICILIARIA', 'INSTALACION COMPARTIDA', 'INSTALACION DOMICILIARIA', 'INODORO SIN AGUA CORRIENTE', 5, 6, 'PROMOVIDO', '1'),
(9, 210307, '5867636075', '78412857', 'NEBOT ALBARRAN', 'LUISA MARGARITA', 'FEMENINO', '2007-07-19', 'CASTELLANO', 'SOLTERO', 'CATOLICA', 'Martín Adán', 'Jiron Lino Cornejo 220  Int. 115', '929389289', 'MOTO', 20, 'CEMENTO', 'INSTALACION PUBLICA', 'INSTALACION COMPARTIDA', 'INSTALACION PUBLICA', 'INODORO SIN AGUA CORRIENTE', 5, 8, 'PROMOVIDO', '1'),
(10, 60312, '7278530971', '74011407', 'VALDES URIARTE', 'JAIME NAHUEL', 'MASCULINO', '2001-04-10', 'CASTELLANO', 'SOLTERO', 'CRISTIANA', 'Martín Adán', 'Mz H LT 16  APV EL PRADO', '994995934', 'MICRO', 20, 'CEMENTO', 'INSTALACION DOMICILIARIA', 'INSTALACION COMPARTIDA', 'INSTALACION DOMICILIARIA', 'INODORO CON AGUA CORRIENTE', 3, 2, 'ACEPTADO', '1'),
(11, 21707, '4866774382', '75392595', 'CAMARASA GUAL', 'MARIA VICTORIA', 'FEMENINO', '2009-02-19', 'CASTELLANO', 'SOLTERO', 'CATOLICA', 'Pestalozzi', 'Calle Z 350  Urb. Santa Rosa de Surco', '987329685', 'MICRO', 30, 'LADRILLO Y CEMENTO', 'INSTALACION PUBLICA', 'INSTALACION COMPARTIDA', 'INSTALACION DOMICILIARIA', 'INODORO SIN AGUA CORRIENTE', 4, 3, 'EXPULSADO', '1'),
(12, 200206, '5006551755', '71063005', 'PALOMINO GASCO', 'JOSE ANGEL', 'MASCULINO', '2011-06-20', 'CASTELLANO', 'SOLTERO', 'CRISTIANA', 'San Ignacio de Recalde', 'Calle Paz Soldán 323  Miraflores', '985936498', 'MICRO', 45, 'CEMENTO', 'INSTALACION PUBLICA', 'INSTALACION COMPARTIDA', 'INSTALACION DOMICILIARIA', 'INODORO CON AGUA CORRIENTE', 5, 3, 'PROMOVIDO', '1'),
(13, 30610, '2287255619', '77906641', 'QUINTANA CABALLERO', 'MARIA JESUS', 'FEMENINO', '2012-08-21', 'CASTELLANO', 'SOLTERO', 'CATOLICA', 'Santa Margarita', 'Calle 2 Mz. C  Urb. Industrial La Merced', '909876385', 'MOTO', 10, 'LADRILLO Y CEMENTO', 'INSTALACION PUBLICA', 'INSTALACION COMPARTIDA', 'INSTALACION PUBLICA', 'INODORO SIN AGUA CORRIENTE', 6, 8, 'ACEPTADO', '1'),
(14, 140112, '0953585511', '76177780', 'BOU BERMUDEZ', 'CESAR MANUEL', 'MASCULINO', '2018-04-22', 'CASTELLANO', 'SOLTERO', 'CRISTIANA', 'León Pinelo', 'Avenida Naciones Unidas 1729  Chacra Ríos Norte', '965948702', 'MICRO', 20, 'LADRILLO', 'INSTALACION DOMICILIARIA', 'INSTALACION COMPARTIDA', 'INSTALACION PUBLICA', 'INODORO SIN AGUA CORRIENTE', 8, 10, 'EXPULSADO', '1'),
(15, 150702, '4792872916', '71582383', 'RIOJA ESCOBEDO', 'LAURA ISABEL', 'FEMENINO', '1998-09-23', 'CASTELLANO', 'SOLTERO', 'CATOLICA', 'Santa Úrsula', 'Avenida Colombia 465  Of. 402', '946386097', 'TAXI', 5, 'LADRILLO Y CEMENTO', 'INSTALACION DOMICILIARIA', 'INSTALACION COMPARTIDA', 'INSTALACION DOMICILIARIA', 'INODORO CON AGUA CORRIENTE', 6, 9, 'ACEPTADO', '1'),
(16, 61102, '9268515392', '70622504', 'ROIG ANTONIO', 'JOSEP FELIX', 'MASCULINO', '2002-11-24', 'CASTELLANO', 'SOLTERO', 'CRISTIANA', 'Enrique Meiggs', 'AV. Benito Juarez 234', '927586935', 'MICRO', 15, 'LADRILLO Y CEMENTO', 'INSTALACION PUBLICA', 'INSTALACION COMPARTIDA', 'INSTALACION PUBLICA', 'INODORO SIN AGUA CORRIENTE', 2, 1, 'PROMOVIDO', '1'),
(17, 90615, '4349552284', '79059941', 'ALIAGA TORRENTE', 'ROSA MONICA', 'FEMENINO', '2008-12-25', 'CASTELLANO', 'SOLTERO', 'CATOLICA', 'San José', 'Chancay cdra 2', '989675843', 'MICRO', 25, 'LADRILLO', 'INSTALACION PUBLICA', 'INSTALACION COMPARTIDA', 'INSTALACION DOMICILIARIA', 'INODORO CON AGUA CORRIENTE', 3, 3, 'ACEPTADO', '1'),
(18, 200502, '3777280161', '77190125', 'OJEDA ROSALES', 'JUAN MANUEL', 'MASCULINO', '2016-07-18', 'CASTELLANO', 'SOLTERO', 'CATOLICA', 'JUAN XXIII', 'Av. 5 lt 16 parque Indutrial', '985689340', 'TAXI', 15, 'LADRILLO Y CEMENTO', 'INSTALACION DOMICILIARIA', 'INSTALACION COMPARTIDA', 'INSTALACION DOMICILIARIA', 'INODORO CON AGUA CORRIENTE', 6, 4, 'PROMOVIDO', '1'),
(19, 130608, '5971891286', '73629081', 'VILLALBA PINTADO', 'ANDREA ELENA', 'FEMENINO', '2017-08-11', 'CASTELLANO', 'SOLTERO', 'CRISTIANA', 'Franklin D. Roosevelt', 'Chocrane 269', '954637852', 'MOTO', 10, 'LADRILLO ', 'INSTALACION DOMICILIARIA', 'INSTALACION COMPARTIDA', 'INSTALACION PUBLICA', 'INODORO SIN AGUA CORRIENTE', 3, 2, 'ACEPTADO', '1'),
(20, 120801, '7999534640', '77669030', 'CORONEL ARREBOLA', 'JUAN LUIS', 'MASCULINO', '2014-10-10', 'CASTELLANO', 'SOLTERO', 'CATOLICA', 'CLARETIANO', 'Juan Pablo 475', '923425446', 'MOTO', 10, 'CEMENTO', 'INSTALACION PUBLICA', 'INSTALACION COMPARTIDA', 'INSTALACION DOMICILIARIA', 'INODORO SIN AGUA CORRIENTE', 5, 7, 'EXPULSADO', '1');

-- --------------------------------------------------------

--
-- Estructura de tabla para la tabla `capacidades`
--

CREATE TABLE `capacidades` (
  `idcurso` int(11) NOT NULL,
  `idcapacidad` int(11) NOT NULL,
  `capacidad` varchar(50) NOT NULL,
  `estado` char(1) NOT NULL
) ENGINE=InnoDB DEFAULT CHARSET=utf8mb4;

--
-- Volcado de datos para la tabla `capacidades`
--

INSERT INTO `capacidades` (`idcurso`, `idcapacidad`, `capacidad`, `estado`) VALUES
(1, 1, 'RAZONAMIENTO', '1'),
(1, 2, 'ANALISIS DE PROBLEMAS', '1'),
(1, 3, 'RESOLUCION DE PROBLEMAS', '1'),
(2, 4, 'COMPRENCION LECTORA', '1'),
(2, 5, 'ANALISIS DE TEXTOS', '1'),
(2, 6, 'CREACION DE TEXTOS', '1'),
(3, 7, 'INDAGA METODOS CIENTIFICOS', '1'),
(3, 8, 'SOLUCIONES TECNOLOGICAS', '1'),
(3, 9, 'COMPROMISO CON EL AMBIENTE', '1'),
(4, 10, 'RELACIONES INTERPERSONALES', '1'),
(4, 11, 'CONSTRUCCION DE LA AUTONOMIA', '1'),
(4, 12, 'DESENVOLVIMIENTO ETICO', '1'),
(5, 13, 'COMPROMISO CON EL ARTE', '1'),
(5, 14, 'DESEMPEÑO ARTISTICO', '1'),
(5, 15, 'APRECION ARTISTICA', '1'),
(6, 16, 'INTERPRETACIONES HISTORICAS', '1'),
(6, 17, 'RESPONSABILIDAD ECONOMICA', '1'),
(6, 18, 'COMPRENDE EL ESPACIO GEOGRAFICO', '1'),
(7, 19, 'DESEMPEÑO FISICO', '1'),
(7, 20, 'ACTITUD ANTE EL DEPORTE', '1'),
(7, 21, 'CONOCIMIENTO SOBRE LOS DEPORTES', '1'),
(8, 22, 'RAZONAMIENTO', '1'),
(8, 23, 'ANALISIS DE PROBLEMAS', '1'),
(8, 24, 'RESOLUCION DE PROBLEMAS', '1'),
(9, 25, 'COMPRENCION LECTORA', '1'),
(9, 26, 'ANALISIS DE TEXTOS', '1'),
(9, 27, 'CREACION DE TEXTOS', '1'),
(10, 28, 'INDAGA METODOS CIENTIFICOS', '1'),
(10, 29, 'SOLUCIONES TECNOLOGICAS', '1'),
(10, 30, 'COMPROMISO CON EL AMBIENTE', '1'),
(11, 31, 'RELACIONES INTERPERSONALES', '1'),
(11, 32, 'CONSTRUCCION DE LA AUTONOMIA', '1'),
(11, 33, 'DESENVOLVIMIENTO ETICO', '1'),
(12, 34, 'COMPROMISO CON EL ARTE', '1'),
(12, 35, 'DESEMPEÑO ARTISTICO', '1'),
(12, 36, 'APRECION ARTISTICA', '1'),
(13, 37, 'INTERPRETACIONES HISTORICAS', '1'),
(13, 38, 'RESPONSABILIDAD ECONOMICA', '1'),
(13, 39, 'COMPRENDE EL ESPACIO GEOGRAFICO', '1'),
(14, 40, 'DESEMPEÑO FISICO', '1'),
(14, 41, 'ACTITUD ANTE EL DEPORTE', '1'),
(14, 42, 'CONOCIMIENTO SOBRE LOS DEPORTES', '1'),
(15, 43, 'RAZONAMIENTO', '1'),
(15, 44, 'ANALISIS DE PROBLEMAS', '1'),
(15, 45, 'RESOLUCION DE PROBLEMAS', '1'),
(16, 46, 'COMPRENCION LECTORA', '1'),
(16, 47, 'ANALISIS DE TEXTOS', '1'),
(16, 48, 'CREACION DE TEXTOS', '1'),
(17, 49, 'INDAGA METODOS CIENTIFICOS', '1'),
(17, 50, 'SOLUCIONES TECNOLOGICAS', '1'),
(17, 51, 'COMPROMISO CON EL AMBIENTE', '1'),
(18, 52, 'RELACIONES INTERPERSONALES', '1'),
(18, 53, 'CONSTRUCCION DE LA AUTONOMIA', '1'),
(18, 54, 'DESENVOLVIMIENTO ETICO', '1'),
(19, 55, 'COMPROMISO CON EL ARTE', '1'),
(19, 56, 'DESEMPEÑO ARTISTICO', '1'),
(19, 57, 'APRECION ARTISTICA', '1'),
(20, 58, 'INTERPRETACIONES HISTORICAS', '1'),
(20, 59, 'RESPONSABILIDAD ECONOMICA', '1'),
(20, 60, 'COMPRENDE EL ESPACIO GEOGRAFICO', '1'),
(21, 61, 'DESEMPEÑO FISICO', '1'),
(21, 62, 'ACTITUD ANTE EL DEPORTE', '1'),
(21, 63, 'CONOCIMIENTO SOBRE LOS DEPORTES', '1'),
(22, 64, 'RAZONAMIENTO', '1'),
(22, 65, 'ANALISIS DE PROBLEMAS', '1'),
(22, 66, 'RESOLUCION DE PROBLEMAS', '1'),
(23, 67, 'COMPRENCION LECTORA', '1'),
(23, 68, 'ANALISIS DE TEXTOS', '1'),
(23, 69, 'CREACION DE TEXTOS', '1'),
(24, 70, 'INDAGA METODOS CIENTIFICOS', '1'),
(24, 71, 'SOLUCIONES TECNOLOGICAS', '1'),
(24, 72, 'COMPROMISO CON EL AMBIENTE', '1'),
(25, 73, 'RELACIONES INTERPERSONALES', '1'),
(25, 74, 'CONSTRUCCION DE LA AUTONOMIA', '1'),
(25, 75, 'DESENVOLVIMIENTO ETICO', '1'),
(26, 76, 'COMPROMISO CON EL ARTE', '1'),
(26, 77, 'DESEMPEÑO ARTISTICO', '1'),
(26, 78, 'APRECION ARTISTICA', '1'),
(27, 79, 'INTERPRETACIONES HISTORICAS', '1'),
(27, 80, 'RESPONSABILIDAD ECONOMICA', '1'),
(27, 81, 'COMPRENDE EL ESPACIO GEOGRAFICO', '1'),
(28, 82, 'DESEMPEÑO FISICO', '1'),
(28, 83, 'ACTITUD ANTE EL DEPORTE', '1'),
(28, 84, 'CONOCIMIENTO SOBRE LOS DEPORTES', '1'),
(29, 85, 'RAZONAMIENTO', '1'),
(29, 86, 'ANALISIS DE PROBLEMAS', '1'),
(29, 87, 'RESOLUCION DE PROBLEMAS', '1'),
(30, 88, 'COMPRENCION LECTORA', '1'),
(30, 89, 'ANALISIS DE TEXTOS', '1'),
(30, 90, 'CREACION DE TEXTOS', '1'),
(31, 91, 'INDAGA METODOS CIENTIFICOS', '1'),
(31, 92, 'SOLUCIONES TECNOLOGICAS', '1'),
(31, 93, 'COMPROMISO CON EL AMBIENTE', '1'),
(32, 94, 'RELACIONES INTERPERSONALES', '1'),
(32, 95, 'CONSTRUCCION DE LA AUTONOMIA', '1'),
(32, 96, 'DESENVOLVIMIENTO ETICO', '1'),
(33, 97, 'COMPROMISO CON EL ARTE', '1'),
(33, 98, 'DESEMPEÑO ARTISTICO', '1'),
(33, 99, 'APRECION ARTISTICA', '1'),
(34, 100, 'INTERPRETACIONES HISTORICAS', '1'),
(34, 101, 'RESPONSABILIDAD ECONOMICA', '1'),
(34, 102, 'COMPRENDE EL ESPACIO GEOGRAFICO', '1'),
(35, 103, 'DESEMPEÑO FISICO', '1'),
(35, 104, 'ACTITUD ANTE EL DEPORTE', '1'),
(35, 105, 'CONOCIMIENTO SOBRE LOS DEPORTES', '1'),
(36, 106, 'RAZONAMIENTO', '1'),
(36, 107, 'ANALISIS DE PROBLEMAS', '1'),
(36, 108, 'RESOLUCION DE PROBLEMAS', '1'),
(37, 109, 'COMPRENCION LECTORA', '1'),
(37, 110, 'ANALISIS DE TEXTOS', '1'),
(37, 111, 'CREACION DE TEXTOS', '1'),
(38, 112, 'CONSTRUYE SU IDENTIDAD', '1'),
(38, 113, 'CONVIVE Y PARTICIPA', '1'),
(38, 114, 'GESTIONA EL AMBIENTE Y LA ECONOMIA', '1'),
(39, 115, 'CUIDA EL MEDIO AMBIENTE', '1'),
(39, 116, 'SE IDENTIFICA CON EL MEDIO AMBIENTE', '1'),
(39, 117, 'IDENTIFICA LA IMPORTANCIA DEL MEDIO AMBIENTE', '1'),
(40, 118, 'COMPROMISO CON EL ARTE', '1'),
(40, 119, 'DESEMPEÑO ARTISTICO', '1'),
(40, 120, 'APRECION ARTISTICA', '1'),
(41, 121, 'DESEMPEÑO FISICO', '1'),
(41, 122, 'ACTITUD ANTE EL DEPORTE', '1'),
(41, 123, 'CONOCIMIENTO SOBRE LOS DEPORTES', '1'),
(42, 124, 'RAZONAMIENTO', '1'),
(42, 125, 'ANALISIS DE PROBLEMAS', '1'),
(42, 126, 'RESOLUCION DE PROBLEMAS', '1'),
(43, 127, 'COMPRENCION LECTORA', '1'),
(43, 128, 'ANALISIS DE TEXTOS', '1'),
(43, 129, 'CREACION DE TEXTOS', '1'),
(44, 130, 'CONSTRUYE SU IDENTIDAD', '1'),
(44, 131, 'CONVIVE Y PARTICIPA', '1'),
(44, 132, 'GESTIONA EL AMBIENTE Y LA ECONOMIA', '1'),
(45, 133, 'CUIDA EL MEDIO AMBIENTE', '1'),
(45, 134, 'SE IDENTIFICA CON EL MEDIO AMBIENTE', '1'),
(45, 135, 'IDENTIFICA LA IMPORTANCIA DEL MEDIO AMBIENTE', '1'),
(46, 136, 'COMPROMISO CON EL ARTE', '1'),
(46, 137, 'DESEMPEÑO ARTISTICO', '1'),
(46, 138, 'APRECION ARTISTICA', '1'),
(47, 139, 'DESEMPEÑO FISICO', '1'),
(47, 140, 'ACTITUD ANTE EL DEPORTE', '1'),
(47, 141, 'CONOCIMIENTO SOBRE LOS DEPORTES', '1'),
(48, 142, 'RAZONAMIENTO', '1'),
(48, 143, 'ANALISIS DE PROBLEMAS', '1'),
(48, 144, 'RESOLUCION DE PROBLEMAS', '1'),
(49, 145, 'COMPRENCION LECTORA', '1'),
(49, 146, 'ANALISIS DE TEXTOS', '1'),
(49, 147, 'CREACION DE TEXTOS', '1'),
(50, 148, 'CONSTRUYE SU IDENTIDAD', '1'),
(50, 149, 'CONVIVE Y PARTICIPA', '1'),
(50, 150, 'GESTIONA EL AMBIENTE Y LA ECONOMIA', '1'),
(51, 151, 'CUIDA EL MEDIO AMBIENTE', '1'),
(51, 152, 'SE IDENTIFICA CON EL MEDIO AMBIENTE', '1'),
(51, 153, 'IDENTIFICA LA IMPORTANCIA DEL MEDIO AMBIENTE', '1'),
(52, 154, 'COMPROMISO CON EL ARTE', '1'),
(52, 155, 'DESEMPEÑO ARTISTICO', '1'),
(52, 156, 'APRECION ARTISTICA', '1'),
(53, 157, 'DESEMPEÑO FISICO', '1'),
(53, 158, 'ACTITUD ANTE EL DEPORTE', '1'),
(53, 159, 'CONOCIMIENTO SOBRE LOS DEPORTES', '1'),
(54, 160, 'RAZONAMIENTO', '1'),
(54, 161, 'ANALISIS DE PROBLEMAS', '1'),
(54, 162, 'RESOLUCION DE PROBLEMAS', '1'),
(55, 163, 'COMPRENCION LECTORA', '1'),
(55, 164, 'ANALISIS DE TEXTOS', '1'),
(55, 165, 'CREACION DE TEXTOS', '1'),
(56, 166, 'CONSTRUYE SU IDENTIDAD', '1'),
(56, 167, 'CONVIVE Y PARTICIPA', '1'),
(56, 168, 'GESTIONA EL AMBIENTE Y LA ECONOMIA', '1'),
(57, 169, 'CUIDA EL MEDIO AMBIENTE', '1'),
(57, 170, 'SE IDENTIFICA CON EL MEDIO AMBIENTE', '1'),
(57, 171, 'IDENTIFICA LA IMPORTANCIA DEL MEDIO AMBIENTE', '1'),
(58, 172, 'COMPROMISO CON EL ARTE', '1'),
(58, 173, 'DESEMPEÑO ARTISTICO', '1'),
(58, 174, 'APRECION ARTISTICA', '1'),
(59, 175, 'DESEMPEÑO FISICO', '1'),
(59, 176, 'ACTITUD ANTE EL DEPORTE', '1'),
(59, 177, 'CONOCIMIENTO SOBRE LOS DEPORTES', '1'),
(60, 178, 'RAZONAMIENTO', '1'),
(60, 179, 'ANALISIS DE PROBLEMAS', '1'),
(60, 180, 'RESOLUCION DE PROBLEMAS', '1'),
(61, 181, 'COMPRENCION LECTORA', '1'),
(61, 182, 'ANALISIS DE TEXTOS', '1'),
(61, 183, 'CREACION DE TEXTOS', '1'),
(62, 184, 'CONSTRUYE SU IDENTIDAD', '1'),
(62, 185, 'CONVIVE Y PARTICIPA', '1'),
(62, 186, 'GESTIONA EL AMBIENTE Y LA ECONOMIA', '1'),
(63, 187, 'CUIDA EL MEDIO AMBIENTE', '1'),
(63, 188, 'SE IDENTIFICA CON EL MEDIO AMBIENTE', '1'),
(63, 189, 'IDENTIFICA LA IMPORTANCIA DEL MEDIO AMBIENTE', '1'),
(64, 190, 'COMPROMISO CON EL ARTE', '1'),
(64, 191, 'DESEMPEÑO ARTISTICO', '1'),
(64, 192, 'APRECION ARTISTICA', '1'),
(65, 193, 'DESEMPEÑO FISICO', '1'),
(65, 194, 'ACTITUD ANTE EL DEPORTE', '1'),
(65, 195, 'CONOCIMIENTO SOBRE LOS DEPORTES', '1'),
(66, 196, 'RAZONAMIENTO', '1'),
(66, 197, 'ANALISIS DE PROBLEMAS', '1'),
(66, 198, 'RESOLUCION DE PROBLEMAS', '1'),
(67, 199, 'COMPRENCION LECTORA', '1'),
(67, 200, 'ANALISIS DE TEXTOS', '1'),
(67, 201, 'CREACION DE TEXTOS', '1'),
(68, 202, 'CONSTRUYE SU IDENTIDAD', '1'),
(68, 203, 'CONVIVE Y PARTICIPA', '1'),
(68, 204, 'GESTIONA EL AMBIENTE Y LA ECONOMIA', '1'),
(69, 205, 'CUIDA EL MEDIO AMBIENTE', '1'),
(69, 206, 'SE IDENTIFICA CON EL MEDIO AMBIENTE', '1'),
(69, 207, 'IDENTIFICA LA IMPORTANCIA DEL MEDIO AMBIENTE', '1'),
(70, 208, 'COMPROMISO CON EL ARTE', '1'),
(70, 209, 'DESEMPEÑO ARTISTICO', '1'),
(70, 210, 'APRECION ARTISTICA', '1'),
(71, 211, 'DESEMPEÑO FISICO', '1'),
(71, 212, 'ACTITUD ANTE EL DEPORTE', '1'),
(71, 213, 'CONOCIMIENTO SOBRE LOS DEPORTES', '1'),
(72, 214, 'RAZONAMIENTO', '1'),
(72, 215, 'ANALISIS DE PROBLEMAS', '1'),
(72, 216, 'RESOLUCION DE PROBLEMAS', '1'),
(73, 217, 'COMPRENCION LECTORA', '1'),
(73, 218, 'ANALISIS DE TEXTOS', '1'),
(73, 219, 'CREACION DE TEXTOS', '1'),
(74, 220, 'GESTIONA EL AMBIENTE Y LA ECONOMIA', '1'),
(74, 221, 'CUIDA EL MEDIO AMBIENTE', '1'),
(74, 222, 'SE IDENTIFICA CON EL MEDIO AMBIENTE', '1'),
(75, 223, 'CONSTRUYE SU IDENTIDAD', '1'),
(75, 224, 'CONVIVE Y PARTICIPA', '1'),
(75, 225, 'GESTIONA EL AMBIENTE Y LA ECONOMIA', '1'),
(76, 226, 'RAZONAMIENTO', '1'),
(76, 227, 'ANALISIS DE PROBLEMAS', '1'),
(76, 228, 'RESOLUCION DE PROBLEMAS', '1'),
(77, 229, 'COMPRENCION LECTORA', '1'),
(77, 230, 'ANALISIS DE TEXTOS', '1'),
(77, 231, 'CREACION DE TEXTOS', '1'),
(78, 232, 'GESTIONA EL AMBIENTE Y LA ECONOMIA', '1'),
(78, 233, 'CUIDA EL MEDIO AMBIENTE', '1'),
(78, 234, 'SE IDENTIFICA CON EL MEDIO AMBIENTE', '1'),
(79, 235, 'CONSTRUYE SU IDENTIDAD', '1'),
(79, 236, 'CONVIVE Y PARTICIPA', '1'),
(79, 237, 'GESTIONA EL AMBIENTE Y LA ECONOMIA', '1'),
(80, 238, 'RAZONAMIENTO', '1'),
(80, 239, 'ANALISIS DE PROBLEMAS', '1'),
(80, 240, 'RESOLUCION DE PROBLEMAS', '1'),
(81, 241, 'COMPRENCION LECTORA', '1'),
(81, 242, 'ANALISIS DE TEXTOS', '1'),
(81, 243, 'CREACION DE TEXTOS', '1'),
(82, 244, 'GESTIONA EL AMBIENTE Y LA ECONOMIA', '1'),
(82, 245, 'CUIDA EL MEDIO AMBIENTE', '1'),
(82, 246, 'SE IDENTIFICA CON EL MEDIO AMBIENTE', '1'),
(83, 247, 'CONSTRUYE SU IDENTIDAD', '1'),
(83, 248, 'CONVIVE Y PARTICIPA', '1'),
(83, 249, 'GESTIONA EL AMBIENTE Y LA ECONOMIA', '1');

-- --------------------------------------------------------

--
-- Estructura de tabla para la tabla `cursos`
--

CREATE TABLE `cursos` (
  `idgrado` int(11) NOT NULL,
  `idcurso` int(11) NOT NULL,
  `curso` varchar(50) NOT NULL,
  `estado` char(1) NOT NULL,
  `codigocurso` char(2) NOT NULL
) ENGINE=InnoDB DEFAULT CHARSET=utf8mb4;

--
-- Volcado de datos para la tabla `cursos`
--

INSERT INTO `cursos` (`idgrado`, `idcurso`, `curso`, `estado`, `codigocurso`) VALUES
(1, 1, 'MATEMATICA', '1', 'MA'),
(1, 2, 'COMUNICACION', '1', 'CO'),
(1, 3, 'CIENCIA TECNOLOGIA Y AMBIENTE', '1', 'CT'),
(1, 4, 'PERSONA FAMILIA Y RELACIONES HUMANAS', '1', 'PH'),
(1, 5, 'ARTE', '1', 'AR'),
(1, 6, 'HISTORIA Y GEOGRAFIA', '1', 'HG'),
(1, 7, 'EDUCACION FISICA', '1', 'EF'),
(2, 8, 'MATEMATICA', '1', 'MA'),
(2, 9, 'COMUNICACION', '1', 'CO'),
(2, 10, 'CIENCIA TECNOLOGIA Y AMBIENTE', '1', 'CT'),
(2, 11, 'PERSONA FAMILIA Y RELACIONES HUMANAS', '1', 'PH'),
(2, 12, 'ARTE', '1', 'AR'),
(2, 13, 'HISTORIA Y GEOGRAFIA', '1', 'HG'),
(2, 14, 'EDUCACION FISICA', '1', 'EF'),
(3, 15, 'MATEMATICA', '1', 'MA'),
(3, 16, 'COMUNICACION', '1', 'CO'),
(3, 17, 'CIENCIA TECNOLOGIA Y AMBIENTE', '1', 'CT'),
(3, 18, 'PERSONA FAMILIA Y RELACIONES HUMANAS', '1', 'PH'),
(3, 19, 'ARTE', '1', 'AR'),
(3, 20, 'HISTORIA Y GEOGRAFIA', '1', 'HG'),
(3, 21, 'EDUCACION FISICA', '1', 'EF'),
(4, 22, 'MATEMATICA', '1', 'MA'),
(4, 23, 'COMUNICACION', '1', 'CO'),
(4, 24, 'CIENCIA TECNOLOGIA Y AMBIENTE', '1', 'CT'),
(4, 25, 'PERSONA FAMILIA Y RELACIONES HUMANAS', '1', 'PH'),
(4, 26, 'ARTE', '1', 'AR'),
(4, 27, 'HISTORIA Y GEOGRAFIA', '1', 'HG'),
(4, 28, 'EDUCACION FISICA', '1', 'EF'),
(5, 29, 'MATEMATICA', '1', 'MA'),
(5, 30, 'COMUNICACION', '1', 'CO'),
(5, 31, 'CIENCIA TECNOLOGIA Y AMBIENTE', '1', 'CT'),
(5, 32, 'PERSONA FAMILIA Y RELACIONES HUMANAS', '1', 'PH'),
(5, 33, 'ARTE', '1', 'AR'),
(5, 34, 'HISTORIA Y GEOGRAFIA', '1', 'HG'),
(5, 35, 'EDUCACION FISICA', '1', 'EF'),
(6, 36, 'MATEMATICA', '1', 'MA'),
(6, 37, 'COMUNICACION', '1', 'CO'),
(6, 38, 'PERSONAL SOCIAL', '1', 'CT'),
(6, 39, 'CIENCIA Y AMBIENTE', '1', 'PH'),
(6, 40, 'ARTE', '1', 'AR'),
(6, 41, 'EDUCACION FISICA', '1', 'EF'),
(7, 42, 'MATEMATICA', '1', 'MA'),
(7, 43, 'COMUNICACION', '1', 'CO'),
(7, 44, 'PERSONAL SOCIAL', '1', 'CT'),
(7, 45, 'CIENCIA Y AMBIENTE', '1', 'PH'),
(7, 46, 'ARTE', '1', 'AR'),
(7, 47, 'EDUCACION FISICA', '1', 'EF'),
(8, 48, 'MATEMATICA', '1', 'MA'),
(8, 49, 'COMUNICACION', '1', 'CO'),
(8, 50, 'PERSONAL SOCIAL', '1', 'CT'),
(8, 51, 'CIENCIA Y AMBIENTE', '1', 'PH'),
(8, 52, 'ARTE', '1', 'AR'),
(8, 53, 'EDUCACION FISICA', '1', 'EF'),
(9, 54, 'MATEMATICA', '1', 'MA'),
(9, 55, 'COMUNICACION', '1', 'CO'),
(9, 56, 'PERSONAL SOCIAL', '1', 'CT'),
(9, 57, 'CIENCIA Y AMBIENTE', '1', 'PH'),
(9, 58, 'ARTE', '1', 'AR'),
(9, 59, 'EDUCACION FISICA', '1', 'EF'),
(10, 60, 'MATEMATICA', '1', 'MA'),
(10, 61, 'COMUNICACION', '1', 'CO'),
(10, 62, 'PERSONAL SOCIAL', '1', 'CT'),
(10, 63, 'CIENCIA Y AMBIENTE', '1', 'PH'),
(10, 64, 'ARTE', '1', 'AR'),
(10, 65, 'EDUCACION FISICA', '1', 'EF'),
(11, 66, 'MATEMATICA', '1', 'MA'),
(11, 67, 'COMUNICACION', '1', 'CO'),
(11, 68, 'PERSONAL SOCIAL', '1', 'CT'),
(11, 69, 'CIENCIA Y AMBIENTE', '1', 'PH'),
(11, 70, 'ARTE', '1', 'AR'),
(11, 71, 'EDUCACION FISICA', '1', 'EF'),
(12, 72, 'MATEMATICA', '1', 'MA'),
(12, 73, 'COMUNICACION', '1', 'CO'),
(12, 74, 'CIENCIA Y AMBIENTE', '1', 'CA'),
(12, 75, 'PERSONAL SOCIAL', '1', 'CA'),
(13, 76, 'MATEMATICA', '1', 'MA'),
(13, 77, 'COMUNICACION', '1', 'CO'),
(13, 78, 'CIENCIA Y AMBIENTE', '1', 'CA'),
(13, 79, 'PERSONAL SOCIAL', '1', 'CA'),
(14, 80, 'MATEMATICA', '1', 'MA'),
(14, 81, 'COMUNICACION', '1', 'CO'),
(14, 82, 'CIENCIA Y AMBIENTE', '1', 'CA'),
(14, 83, 'PERSONAL SOCIAL', '1', 'CA');

-- --------------------------------------------------------

--
-- Estructura de tabla para la tabla `departamentos`
--

CREATE TABLE `departamentos` (
  `iddepartamento` int(11) NOT NULL,
  `departamento` varchar(50) DEFAULT NULL,
  `idpais` int(11) NOT NULL,
  `estado` char(1) NOT NULL
) ENGINE=InnoDB DEFAULT CHARSET=utf8mb4;

--
-- Volcado de datos para la tabla `departamentos`
--

INSERT INTO `departamentos` (`iddepartamento`, `departamento`, `idpais`, `estado`) VALUES
(1, 'Amazonas', 1, '1'),
(2, 'Ancash', 1, '1'),
(3, 'Apurimac', 1, '1'),
(4, 'Arequipa', 1, '1'),
(5, 'Ayacucho', 1, '1'),
(6, 'Cajamarca', 1, '1'),
(7, 'Callao', 1, '1'),
(8, 'Cusco', 1, '1'),
(9, 'Huancavelica', 1, '1'),
(10, 'Huánuco', 1, '1'),
(11, 'Ica', 1, '1'),
(12, 'Junín', 1, '1'),
(13, 'La Libertad', 1, '1'),
(14, 'Lambayeque', 1, '1'),
(15, 'Lima', 1, '1'),
(16, 'Loreto', 1, '1'),
(17, 'Madre de Dios', 1, '1'),
(18, 'Moquegua', 1, '1'),
(19, 'Pasco', 1, '1'),
(20, 'Piura', 1, '1'),
(21, 'Puno', 1, '1'),
(22, 'San Martín', 1, '1'),
(23, 'Tacna', 1, '1'),
(24, 'Tumbes', 1, '1'),
(25, 'Ucayali', 1, '1');

-- --------------------------------------------------------

--
-- Estructura de tabla para la tabla `detalle_catedra`
--

CREATE TABLE `detalle_catedra` (
  `id` int(11) NOT NULL,
  `idcurso` int(11) NOT NULL,
  `idprofesor` int(11) NOT NULL,
  `idperiodo` int(11) NOT NULL,
  `estado` char(1) NOT NULL
) ENGINE=InnoDB DEFAULT CHARSET=utf8mb4;

--
-- Volcado de datos para la tabla `detalle_catedra`
--

INSERT INTO `detalle_catedra` (`id`, `idcurso`, `idprofesor`, `idperiodo`, `estado`) VALUES
(1, 1, 1, 4, '1'),
(2, 2, 2, 4, '1'),
(3, 3, 3, 4, '1'),
(4, 4, 4, 4, '1'),
(5, 5, 5, 4, '1'),
(6, 6, 6, 4, '1'),
(7, 7, 7, 4, '1'),
(8, 8, 1, 4, '1'),
(9, 9, 2, 4, '1'),
(10, 10, 3, 4, '1'),
(11, 11, 4, 4, '1'),
(12, 12, 5, 4, '1'),
(13, 13, 6, 4, '1'),
(14, 14, 7, 4, '1'),
(15, 15, 1, 4, '1'),
(16, 16, 2, 4, '1'),
(17, 17, 3, 4, '1'),
(18, 18, 4, 4, '1'),
(19, 19, 5, 4, '1'),
(20, 20, 6, 4, '1'),
(21, 21, 7, 4, '1'),
(22, 22, 1, 4, '1'),
(23, 23, 2, 4, '1'),
(24, 24, 3, 4, '1'),
(25, 25, 4, 4, '1'),
(26, 26, 5, 4, '1'),
(27, 27, 6, 4, '1'),
(28, 28, 7, 4, '1'),
(29, 29, 1, 4, '1'),
(30, 30, 2, 4, '1'),
(31, 31, 3, 4, '1'),
(32, 32, 4, 4, '1'),
(33, 33, 5, 4, '1'),
(34, 34, 6, 4, '1'),
(35, 35, 7, 4, '1'),
(36, 36, 8, 4, '1'),
(37, 37, 8, 4, '1'),
(38, 38, 8, 4, '1'),
(39, 39, 8, 4, '1'),
(40, 40, 8, 4, '1'),
(41, 41, 8, 4, '1'),
(42, 42, 9, 4, '1'),
(43, 43, 9, 4, '1'),
(44, 44, 9, 4, '1'),
(45, 45, 9, 4, '1'),
(46, 46, 9, 4, '1'),
(47, 47, 9, 4, '1'),
(48, 48, 10, 4, '1'),
(49, 49, 10, 4, '1'),
(50, 50, 10, 4, '1'),
(51, 51, 10, 4, '1'),
(52, 52, 10, 4, '1'),
(53, 53, 10, 4, '1'),
(54, 54, 11, 4, '1'),
(55, 55, 11, 4, '1'),
(56, 56, 11, 4, '1'),
(57, 57, 11, 4, '1'),
(58, 58, 11, 4, '1'),
(59, 59, 11, 4, '1'),
(60, 60, 12, 4, '1'),
(61, 61, 12, 4, '1'),
(62, 62, 12, 4, '1'),
(63, 63, 12, 4, '1'),
(64, 64, 12, 4, '1'),
(65, 65, 12, 4, '1'),
(66, 66, 13, 4, '1'),
(67, 67, 13, 4, '1'),
(68, 68, 13, 4, '1'),
(69, 69, 13, 4, '1'),
(70, 70, 13, 4, '1'),
(71, 71, 13, 4, '1'),
(72, 72, 14, 4, '0'),
(73, 73, 14, 4, '0'),
(74, 74, 14, 4, '0'),
(75, 75, 14, 4, '0'),
(76, 76, 15, 4, '1'),
(77, 77, 15, 4, '1'),
(78, 78, 15, 4, '1'),
(79, 79, 15, 4, '1'),
(80, 80, 16, 4, '1'),
(81, 81, 16, 4, '1'),
(82, 82, 16, 4, '1'),
(83, 83, 16, 4, '1'),
(84, 72, 18, 3, '1'),
(85, 73, 18, 3, '1'),
(86, 74, 18, 3, '1'),
(87, 75, 18, 3, '1'),
(88, 76, 18, 3, '1'),
(89, 77, 18, 3, '1'),
(90, 78, 18, 3, '1'),
(91, 79, 18, 3, '1'),
(92, 72, 19, 1, '1'),
(93, 73, 19, 1, '1'),
(94, 74, 11, 1, '1'),
(95, 75, 19, 1, '1');

-- --------------------------------------------------------

--
-- Estructura de tabla para la tabla `distritos`
--

CREATE TABLE `distritos` (
  `iddistrito` int(11) NOT NULL,
  `distrito` varchar(50) DEFAULT NULL,
  `idprovincia` int(11) NOT NULL,
  `estado` char(1) NOT NULL
) ENGINE=InnoDB DEFAULT CHARSET=utf8mb4;

--
-- Volcado de datos para la tabla `distritos`
--

INSERT INTO `distritos` (`iddistrito`, `distrito`, `idprovincia`, `estado`) VALUES
(10101, 'Chachapoyas', 101, '1'),
(10102, 'Asunción', 101, '1'),
(10103, 'Balsas', 101, '1'),
(10104, 'Cheto', 101, '1'),
(10105, 'Chiliquin', 101, '1'),
(10106, 'Chuquibamba', 101, '1'),
(10107, 'Granada', 101, '1'),
(10108, 'Huancas', 101, '1'),
(10109, 'La Jalca', 101, '1'),
(10110, 'Leimebamba', 101, '1'),
(10111, 'Levanto', 101, '1'),
(10112, 'Magdalena', 101, '1'),
(10113, 'Mariscal Castilla', 101, '1'),
(10114, 'Molinopampa', 101, '1'),
(10115, 'Montevideo', 101, '1'),
(10116, 'Olleros', 101, '1'),
(10117, 'Quinjalca', 101, '1'),
(10118, 'San Francisco de Daguas', 101, '1'),
(10119, 'San Isidro de Maino', 101, '1'),
(10120, 'Soloco', 101, '1'),
(10121, 'Sonche', 101, '1'),
(10201, 'Bagua', 102, '1'),
(10202, 'Aramango', 102, '1'),
(10203, 'Copallin', 102, '1'),
(10204, 'El Parco', 102, '1'),
(10205, 'Imaza', 102, '1'),
(10206, 'La Peca', 102, '1'),
(10301, 'Jumbilla', 103, '1'),
(10302, 'Chisquilla', 103, '1'),
(10303, 'Churuja', 103, '1'),
(10304, 'Corosha', 103, '1'),
(10305, 'Cuispes', 103, '1'),
(10306, 'Florida', 103, '1'),
(10307, 'Jazan', 103, '1'),
(10308, 'Recta', 103, '1'),
(10309, 'San Carlos', 103, '1'),
(10310, 'Shipasbamba', 103, '1'),
(10311, 'Valera', 103, '1'),
(10312, 'Yambrasbamba', 103, '1'),
(10401, 'Nieva', 104, '1'),
(10402, 'El Cenepa', 104, '1'),
(10403, 'Río Santiago', 104, '1'),
(10501, 'Lamud', 105, '1'),
(10502, 'Camporredondo', 105, '1'),
(10503, 'Cocabamba', 105, '1'),
(10504, 'Colcamar', 105, '1'),
(10505, 'Conila', 105, '1'),
(10506, 'Inguilpata', 105, '1'),
(10507, 'Longuita', 105, '1'),
(10508, 'Lonya Chico', 105, '1'),
(10509, 'Luya', 105, '1'),
(10510, 'Luya Viejo', 105, '1'),
(10511, 'María', 105, '1'),
(10512, 'Ocalli', 105, '1'),
(10513, 'Ocumal', 105, '1'),
(10514, 'Pisuquia', 105, '1'),
(10515, 'Providencia', 105, '1'),
(10516, 'San Cristóbal', 105, '1'),
(10517, 'San Francisco de Yeso', 105, '1'),
(10518, 'San Jerónimo', 105, '1'),
(10519, 'San Juan de Lopecancha', 105, '1'),
(10520, 'Santa Catalina', 105, '1'),
(10521, 'Santo Tomas', 105, '1'),
(10522, 'Tingo', 105, '1'),
(10523, 'Trita', 105, '1'),
(10601, 'San Nicolás', 106, '1'),
(10602, 'Chirimoto', 106, '1'),
(10603, 'Cochamal', 106, '1'),
(10604, 'Huambo', 106, '1'),
(10605, 'Limabamba', 106, '1'),
(10606, 'Longar', 106, '1'),
(10607, 'Mariscal Benavides', 106, '1'),
(10608, 'Milpuc', 106, '1'),
(10609, 'Omia', 106, '1'),
(10610, 'Santa Rosa', 106, '1'),
(10611, 'Totora', 106, '1'),
(10612, 'Vista Alegre', 106, '1'),
(10701, 'Bagua Grande', 107, '1'),
(10702, 'Cajaruro', 107, '1'),
(10703, 'Cumba', 107, '1'),
(10704, 'El Milagro', 107, '1'),
(10705, 'Jamalca', 107, '1'),
(10706, 'Lonya Grande', 107, '1'),
(10707, 'Yamon', 107, '1'),
(20101, 'Huaraz', 201, '1'),
(20102, 'Cochabamba', 201, '1'),
(20103, 'Colcabamba', 201, '1'),
(20104, 'Huanchay', 201, '1'),
(20105, 'Independencia', 201, '1'),
(20106, 'Jangas', 201, '1'),
(20107, 'La Libertad', 201, '1'),
(20108, 'Olleros', 201, '1'),
(20109, 'Pampas Grande', 201, '1'),
(20110, 'Pariacoto', 201, '1'),
(20111, 'Pira', 201, '1'),
(20112, 'Tarica', 201, '1'),
(20201, 'Aija', 202, '1'),
(20202, 'Coris', 202, '1'),
(20203, 'Huacllan', 202, '1'),
(20204, 'La Merced', 202, '1'),
(20205, 'Succha', 202, '1'),
(20301, 'Llamellin', 203, '1'),
(20302, 'Aczo', 203, '1'),
(20303, 'Chaccho', 203, '1'),
(20304, 'Chingas', 203, '1'),
(20305, 'Mirgas', 203, '1'),
(20306, 'San Juan de Rontoy', 203, '1'),
(20401, 'Chacas', 204, '1'),
(20402, 'Acochaca', 204, '1'),
(20501, 'Chiquian', 205, '1'),
(20502, 'Abelardo Pardo Lezameta', 205, '1'),
(20503, 'Antonio Raymondi', 205, '1'),
(20504, 'Aquia', 205, '1'),
(20505, 'Cajacay', 205, '1'),
(20506, 'Canis', 205, '1'),
(20507, 'Colquioc', 205, '1'),
(20508, 'Huallanca', 205, '1'),
(20509, 'Huasta', 205, '1'),
(20510, 'Huayllacayan', 205, '1'),
(20511, 'La Primavera', 205, '1'),
(20512, 'Mangas', 205, '1'),
(20513, 'Pacllon', 205, '1'),
(20514, 'San Miguel de Corpanqui', 205, '1'),
(20515, 'Ticllos', 205, '1'),
(20601, 'Carhuaz', 206, '1'),
(20602, 'Acopampa', 206, '1'),
(20603, 'Amashca', 206, '1'),
(20604, 'Anta', 206, '1'),
(20605, 'Ataquero', 206, '1'),
(20606, 'Marcara', 206, '1'),
(20607, 'Pariahuanca', 206, '1'),
(20608, 'San Miguel de Aco', 206, '1'),
(20609, 'Shilla', 206, '1'),
(20610, 'Tinco', 206, '1'),
(20611, 'Yungar', 206, '1'),
(20701, 'San Luis', 207, '1'),
(20702, 'San Nicolás', 207, '1'),
(20703, 'Yauya', 207, '1'),
(20801, 'Casma', 208, '1'),
(20802, 'Buena Vista Alta', 208, '1'),
(20803, 'Comandante Noel', 208, '1'),
(20804, 'Yautan', 208, '1'),
(20901, 'Corongo', 209, '1'),
(20902, 'Aco', 209, '1'),
(20903, 'Bambas', 209, '1'),
(20904, 'Cusca', 209, '1'),
(20905, 'La Pampa', 209, '1'),
(20906, 'Yanac', 209, '1'),
(20907, 'Yupan', 209, '1'),
(21001, 'Huari', 210, '1'),
(21002, 'Anra', 210, '1'),
(21003, 'Cajay', 210, '1'),
(21004, 'Chavin de Huantar', 210, '1'),
(21005, 'Huacachi', 210, '1'),
(21006, 'Huacchis', 210, '1'),
(21007, 'Huachis', 210, '1'),
(21008, 'Huantar', 210, '1'),
(21009, 'Masin', 210, '1'),
(21010, 'Paucas', 210, '1'),
(21011, 'Ponto', 210, '1'),
(21012, 'Rahuapampa', 210, '1'),
(21013, 'Rapayan', 210, '1'),
(21014, 'San Marcos', 210, '1'),
(21015, 'San Pedro de Chana', 210, '1'),
(21016, 'Uco', 210, '1'),
(21101, 'Huarmey', 211, '1'),
(21102, 'Cochapeti', 211, '1'),
(21103, 'Culebras', 211, '1'),
(21104, 'Huayan', 211, '1'),
(21105, 'Malvas', 211, '1'),
(21201, 'Caraz', 212, '1'),
(21202, 'Huallanca', 212, '1'),
(21203, 'Huata', 212, '1'),
(21204, 'Huaylas', 212, '1'),
(21205, 'Mato', 212, '1'),
(21206, 'Pamparomas', 212, '1'),
(21207, 'Pueblo Libre', 212, '1'),
(21208, 'Santa Cruz', 212, '1'),
(21209, 'Santo Toribio', 212, '1'),
(21210, 'Yuracmarca', 212, '1'),
(21301, 'Piscobamba', 213, '1'),
(21302, 'Casca', 213, '1'),
(21303, 'Eleazar Guzmán Barron', 213, '1'),
(21304, 'Fidel Olivas Escudero', 213, '1'),
(21305, 'Llama', 213, '1'),
(21306, 'Llumpa', 213, '1'),
(21307, 'Lucma', 213, '1'),
(21308, 'Musga', 213, '1'),
(21401, 'Ocros', 214, '1'),
(21402, 'Acas', 214, '1'),
(21403, 'Cajamarquilla', 214, '1'),
(21404, 'Carhuapampa', 214, '1'),
(21405, 'Cochas', 214, '1'),
(21406, 'Congas', 214, '1'),
(21407, 'Llipa', 214, '1'),
(21408, 'San Cristóbal de Rajan', 214, '1'),
(21409, 'San Pedro', 214, '1'),
(21410, 'Santiago de Chilcas', 214, '1'),
(21501, 'Cabana', 215, '1'),
(21502, 'Bolognesi', 215, '1'),
(21503, 'Conchucos', 215, '1'),
(21504, 'Huacaschuque', 215, '1'),
(21505, 'Huandoval', 215, '1'),
(21506, 'Lacabamba', 215, '1'),
(21507, 'Llapo', 215, '1'),
(21508, 'Pallasca', 215, '1'),
(21509, 'Pampas', 215, '1'),
(21510, 'Santa Rosa', 215, '1'),
(21511, 'Tauca', 215, '1'),
(21601, 'Pomabamba', 216, '1'),
(21602, 'Huayllan', 216, '1'),
(21603, 'Parobamba', 216, '1'),
(21604, 'Quinuabamba', 216, '1'),
(21701, 'Recuay', 217, '1'),
(21702, 'Catac', 217, '1'),
(21703, 'Cotaparaco', 217, '1'),
(21704, 'Huayllapampa', 217, '1'),
(21705, 'Llacllin', 217, '1'),
(21706, 'Marca', 217, '1'),
(21707, 'Pampas Chico', 217, '1'),
(21708, 'Pararin', 217, '1'),
(21709, 'Tapacocha', 217, '1'),
(21710, 'Ticapampa', 217, '1'),
(21801, 'Chimbote', 218, '1'),
(21802, 'Cáceres del Perú', 218, '1'),
(21803, 'Coishco', 218, '1'),
(21804, 'Macate', 218, '1'),
(21805, 'Moro', 218, '1'),
(21806, 'Nepeña', 218, '1'),
(21807, 'Samanco', 218, '1'),
(21808, 'Santa', 218, '1'),
(21809, 'Nuevo Chimbote', 218, '1'),
(21901, 'Sihuas', 219, '1'),
(21902, 'Acobamba', 219, '1'),
(21903, 'Alfonso Ugarte', 219, '1'),
(21904, 'Cashapampa', 219, '1'),
(21905, 'Chingalpo', 219, '1'),
(21906, 'Huayllabamba', 219, '1'),
(21907, 'Quiches', 219, '1'),
(21908, 'Ragash', 219, '1'),
(21909, 'San Juan', 219, '1'),
(21910, 'Sicsibamba', 219, '1'),
(22001, 'Yungay', 220, '1'),
(22002, 'Cascapara', 220, '1'),
(22003, 'Mancos', 220, '1'),
(22004, 'Matacoto', 220, '1'),
(22005, 'Quillo', 220, '1'),
(22006, 'Ranrahirca', 220, '1'),
(22007, 'Shupluy', 220, '1'),
(22008, 'Yanama', 220, '1'),
(30101, 'Abancay', 301, '1'),
(30102, 'Chacoche', 301, '1'),
(30103, 'Circa', 301, '1'),
(30104, 'Curahuasi', 301, '1'),
(30105, 'Huanipaca', 301, '1'),
(30106, 'Lambrama', 301, '1'),
(30107, 'Pichirhua', 301, '1'),
(30108, 'San Pedro de Cachora', 301, '1'),
(30109, 'Tamburco', 301, '1'),
(30201, 'Andahuaylas', 302, '1'),
(30202, 'Andarapa', 302, '1'),
(30203, 'Chiara', 302, '1'),
(30204, 'Huancarama', 302, '1'),
(30205, 'Huancaray', 302, '1'),
(30206, 'Huayana', 302, '1'),
(30207, 'Kishuara', 302, '1'),
(30208, 'Pacobamba', 302, '1'),
(30209, 'Pacucha', 302, '1'),
(30210, 'Pampachiri', 302, '1'),
(30211, 'Pomacocha', 302, '1'),
(30212, 'San Antonio de Cachi', 302, '1'),
(30213, 'San Jerónimo', 302, '1'),
(30214, 'San Miguel de Chaccrampa', 302, '1'),
(30215, 'Santa María de Chicmo', 302, '1'),
(30216, 'Talavera', 302, '1'),
(30217, 'Tumay Huaraca', 302, '1'),
(30218, 'Turpo', 302, '1'),
(30219, 'Kaquiabamba', 302, '1'),
(30220, 'José María Arguedas', 302, '1'),
(30301, 'Antabamba', 303, '1'),
(30302, 'El Oro', 303, '1'),
(30303, 'Huaquirca', 303, '1'),
(30304, 'Juan Espinoza Medrano', 303, '1'),
(30305, 'Oropesa', 303, '1'),
(30306, 'Pachaconas', 303, '1'),
(30307, 'Sabaino', 303, '1'),
(30401, 'Chalhuanca', 304, '1'),
(30402, 'Capaya', 304, '1'),
(30403, 'Caraybamba', 304, '1'),
(30404, 'Chapimarca', 304, '1'),
(30405, 'Colcabamba', 304, '1'),
(30406, 'Cotaruse', 304, '1'),
(30407, 'Ihuayllo', 304, '1'),
(30408, 'Justo Apu Sahuaraura', 304, '1'),
(30409, 'Lucre', 304, '1'),
(30410, 'Pocohuanca', 304, '1'),
(30411, 'San Juan de Chacña', 304, '1'),
(30412, 'Sañayca', 304, '1'),
(30413, 'Soraya', 304, '1'),
(30414, 'Tapairihua', 304, '1'),
(30415, 'Tintay', 304, '1'),
(30416, 'Toraya', 304, '1'),
(30417, 'Yanaca', 304, '1'),
(30501, 'Tambobamba', 305, '1'),
(30502, 'Cotabambas', 305, '1'),
(30503, 'Coyllurqui', 305, '1'),
(30504, 'Haquira', 305, '1'),
(30505, 'Mara', 305, '1'),
(30506, 'Challhuahuacho', 305, '1'),
(30601, 'Chincheros', 306, '1'),
(30602, 'Anco_Huallo', 306, '1'),
(30603, 'Cocharcas', 306, '1'),
(30604, 'Huaccana', 306, '1'),
(30605, 'Ocobamba', 306, '1'),
(30606, 'Ongoy', 306, '1'),
(30607, 'Uranmarca', 306, '1'),
(30608, 'Ranracancha', 306, '1'),
(30609, 'Rocchacc', 306, '1'),
(30610, 'El Porvenir', 306, '1'),
(30611, 'Los Chankas', 306, '1'),
(30701, 'Chuquibambilla', 307, '1'),
(30702, 'Curpahuasi', 307, '1'),
(30703, 'Gamarra', 307, '1'),
(30704, 'Huayllati', 307, '1'),
(30705, 'Mamara', 307, '1'),
(30706, 'Micaela Bastidas', 307, '1'),
(30707, 'Pataypampa', 307, '1'),
(30708, 'Progreso', 307, '1'),
(30709, 'San Antonio', 307, '1'),
(30710, 'Santa Rosa', 307, '1'),
(30711, 'Turpay', 307, '1'),
(30712, 'Vilcabamba', 307, '1'),
(30713, 'Virundo', 307, '1'),
(30714, 'Curasco', 307, '1'),
(40101, 'Arequipa', 401, '1'),
(40102, 'Alto Selva Alegre', 401, '1'),
(40103, 'Cayma', 401, '1'),
(40104, 'Cerro Colorado', 401, '1'),
(40105, 'Characato', 401, '1'),
(40106, 'Chiguata', 401, '1'),
(40107, 'Jacobo Hunter', 401, '1'),
(40108, 'La Joya', 401, '1'),
(40109, 'Mariano Melgar', 401, '1'),
(40110, 'Miraflores', 401, '1'),
(40111, 'Mollebaya', 401, '1'),
(40112, 'Paucarpata', 401, '1'),
(40113, 'Pocsi', 401, '1'),
(40114, 'Polobaya', 401, '1'),
(40115, 'Quequeña', 401, '1'),
(40116, 'Sabandia', 401, '1'),
(40117, 'Sachaca', 401, '1'),
(40118, 'San Juan de Siguas', 401, '1'),
(40119, 'San Juan de Tarucani', 401, '1'),
(40120, 'Santa Isabel de Siguas', 401, '1'),
(40121, 'Santa Rita de Siguas', 401, '1'),
(40122, 'Socabaya', 401, '1'),
(40123, 'Tiabaya', 401, '1'),
(40124, 'Uchumayo', 401, '1'),
(40125, 'Vitor', 401, '1'),
(40126, 'Yanahuara', 401, '1'),
(40127, 'Yarabamba', 401, '1'),
(40128, 'Yura', 401, '1'),
(40129, 'José Luis Bustamante Y Rivero', 401, '1'),
(40201, 'Camaná', 402, '1'),
(40202, 'José María Quimper', 402, '1'),
(40203, 'Mariano Nicolás Valcárcel', 402, '1'),
(40204, 'Mariscal Cáceres', 402, '1'),
(40205, 'Nicolás de Pierola', 402, '1'),
(40206, 'Ocoña', 402, '1'),
(40207, 'Quilca', 402, '1'),
(40208, 'Samuel Pastor', 402, '1'),
(40301, 'Caravelí', 403, '1'),
(40302, 'Acarí', 403, '1'),
(40303, 'Atico', 403, '1'),
(40304, 'Atiquipa', 403, '1'),
(40305, 'Bella Unión', 403, '1'),
(40306, 'Cahuacho', 403, '1'),
(40307, 'Chala', 403, '1'),
(40308, 'Chaparra', 403, '1'),
(40309, 'Huanuhuanu', 403, '1'),
(40310, 'Jaqui', 403, '1'),
(40311, 'Lomas', 403, '1'),
(40312, 'Quicacha', 403, '1'),
(40313, 'Yauca', 403, '1'),
(40401, 'Aplao', 404, '1'),
(40402, 'Andagua', 404, '1'),
(40403, 'Ayo', 404, '1'),
(40404, 'Chachas', 404, '1'),
(40405, 'Chilcaymarca', 404, '1'),
(40406, 'Choco', 404, '1'),
(40407, 'Huancarqui', 404, '1'),
(40408, 'Machaguay', 404, '1'),
(40409, 'Orcopampa', 404, '1'),
(40410, 'Pampacolca', 404, '1'),
(40411, 'Tipan', 404, '1'),
(40412, 'Uñon', 404, '1'),
(40413, 'Uraca', 404, '1'),
(40414, 'Viraco', 404, '1'),
(40501, 'Chivay', 405, '1'),
(40502, 'Achoma', 405, '1'),
(40503, 'Cabanaconde', 405, '1'),
(40504, 'Callalli', 405, '1'),
(40505, 'Caylloma', 405, '1'),
(40506, 'Coporaque', 405, '1'),
(40507, 'Huambo', 405, '1'),
(40508, 'Huanca', 405, '1'),
(40509, 'Ichupampa', 405, '1'),
(40510, 'Lari', 405, '1'),
(40511, 'Lluta', 405, '1'),
(40512, 'Maca', 405, '1'),
(40513, 'Madrigal', 405, '1'),
(40514, 'San Antonio de Chuca', 405, '1'),
(40515, 'Sibayo', 405, '1'),
(40516, 'Tapay', 405, '1'),
(40517, 'Tisco', 405, '1'),
(40518, 'Tuti', 405, '1'),
(40519, 'Yanque', 405, '1'),
(40520, 'Majes', 405, '1'),
(40601, 'Chuquibamba', 406, '1'),
(40602, 'Andaray', 406, '1'),
(40603, 'Cayarani', 406, '1'),
(40604, 'Chichas', 406, '1'),
(40605, 'Iray', 406, '1'),
(40606, 'Río Grande', 406, '1'),
(40607, 'Salamanca', 406, '1'),
(40608, 'Yanaquihua', 406, '1'),
(40701, 'Mollendo', 407, '1'),
(40702, 'Cocachacra', 407, '1'),
(40703, 'Dean Valdivia', 407, '1'),
(40704, 'Islay', 407, '1'),
(40705, 'Mejia', 407, '1'),
(40706, 'Punta de Bombón', 407, '1'),
(40801, 'Cotahuasi', 408, '1'),
(40802, 'Alca', 408, '1'),
(40803, 'Charcana', 408, '1'),
(40804, 'Huaynacotas', 408, '1'),
(40805, 'Pampamarca', 408, '1'),
(40806, 'Puyca', 408, '1'),
(40807, 'Quechualla', 408, '1'),
(40808, 'Sayla', 408, '1'),
(40809, 'Tauria', 408, '1'),
(40810, 'Tomepampa', 408, '1'),
(40811, 'Toro', 408, '1'),
(50101, 'Ayacucho', 501, '1'),
(50102, 'Acocro', 501, '1'),
(50103, 'Acos Vinchos', 501, '1'),
(50104, 'Carmen Alto', 501, '1'),
(50105, 'Chiara', 501, '1'),
(50106, 'Ocros', 501, '1'),
(50107, 'Pacaycasa', 501, '1'),
(50108, 'Quinua', 501, '1'),
(50109, 'San José de Ticllas', 501, '1'),
(50110, 'San Juan Bautista', 501, '1'),
(50111, 'Santiago de Pischa', 501, '1'),
(50112, 'Socos', 501, '1'),
(50113, 'Tambillo', 501, '1'),
(50114, 'Vinchos', 501, '1'),
(50115, 'Jesús Nazareno', 501, '1'),
(50116, 'Andrés Avelino Cáceres Dorregaray', 501, '1'),
(50201, 'Cangallo', 502, '1'),
(50202, 'Chuschi', 502, '1'),
(50203, 'Los Morochucos', 502, '1'),
(50204, 'María Parado de Bellido', 502, '1'),
(50205, 'Paras', 502, '1'),
(50206, 'Totos', 502, '1'),
(50301, 'Sancos', 503, '1'),
(50302, 'Carapo', 503, '1'),
(50303, 'Sacsamarca', 503, '1'),
(50304, 'Santiago de Lucanamarca', 503, '1'),
(50401, 'Huanta', 504, '1'),
(50402, 'Ayahuanco', 504, '1'),
(50403, 'Huamanguilla', 504, '1'),
(50404, 'Iguain', 504, '1'),
(50405, 'Luricocha', 504, '1'),
(50406, 'Santillana', 504, '1'),
(50407, 'Sivia', 504, '1'),
(50408, 'Llochegua', 504, '1'),
(50409, 'Canayre', 504, '1'),
(50410, 'Uchuraccay', 504, '1'),
(50411, 'Pucacolpa', 504, '1'),
(50412, 'Chaca', 504, '1'),
(50501, 'San Miguel', 505, '1'),
(50502, 'Anco', 505, '1'),
(50503, 'Ayna', 505, '1'),
(50504, 'Chilcas', 505, '1'),
(50505, 'Chungui', 505, '1'),
(50506, 'Luis Carranza', 505, '1'),
(50507, 'Santa Rosa', 505, '1'),
(50508, 'Tambo', 505, '1'),
(50509, 'Samugari', 505, '1'),
(50510, 'Anchihuay', 505, '1'),
(50511, 'Oronccoy', 505, '1'),
(50601, 'Puquio', 506, '1'),
(50602, 'Aucara', 506, '1'),
(50603, 'Cabana', 506, '1'),
(50604, 'Carmen Salcedo', 506, '1'),
(50605, 'Chaviña', 506, '1'),
(50606, 'Chipao', 506, '1'),
(50607, 'Huac-Huas', 506, '1'),
(50608, 'Laramate', 506, '1'),
(50609, 'Leoncio Prado', 506, '1'),
(50610, 'Llauta', 506, '1'),
(50611, 'Lucanas', 506, '1'),
(50612, 'Ocaña', 506, '1'),
(50613, 'Otoca', 506, '1'),
(50614, 'Saisa', 506, '1'),
(50615, 'San Cristóbal', 506, '1'),
(50616, 'San Juan', 506, '1'),
(50617, 'San Pedro', 506, '1'),
(50618, 'San Pedro de Palco', 506, '1'),
(50619, 'Sancos', 506, '1'),
(50620, 'Santa Ana de Huaycahuacho', 506, '1'),
(50621, 'Santa Lucia', 506, '1'),
(50701, 'Coracora', 507, '1'),
(50702, 'Chumpi', 507, '1'),
(50703, 'Coronel Castañeda', 507, '1'),
(50704, 'Pacapausa', 507, '1'),
(50705, 'Pullo', 507, '1'),
(50706, 'Puyusca', 507, '1'),
(50707, 'San Francisco de Ravacayco', 507, '1'),
(50708, 'Upahuacho', 507, '1'),
(50801, 'Pausa', 508, '1'),
(50802, 'Colta', 508, '1'),
(50803, 'Corculla', 508, '1'),
(50804, 'Lampa', 508, '1'),
(50805, 'Marcabamba', 508, '1'),
(50806, 'Oyolo', 508, '1'),
(50807, 'Pararca', 508, '1'),
(50808, 'San Javier de Alpabamba', 508, '1'),
(50809, 'San José de Ushua', 508, '1'),
(50810, 'Sara Sara', 508, '1'),
(50901, 'Querobamba', 509, '1'),
(50902, 'Belén', 509, '1'),
(50903, 'Chalcos', 509, '1'),
(50904, 'Chilcayoc', 509, '1'),
(50905, 'Huacaña', 509, '1'),
(50906, 'Morcolla', 509, '1'),
(50907, 'Paico', 509, '1'),
(50908, 'San Pedro de Larcay', 509, '1'),
(50909, 'San Salvador de Quije', 509, '1'),
(50910, 'Santiago de Paucaray', 509, '1'),
(50911, 'Soras', 509, '1'),
(51001, 'Huancapi', 510, '1'),
(51002, 'Alcamenca', 510, '1'),
(51003, 'Apongo', 510, '1'),
(51004, 'Asquipata', 510, '1'),
(51005, 'Canaria', 510, '1'),
(51006, 'Cayara', 510, '1'),
(51007, 'Colca', 510, '1'),
(51008, 'Huamanquiquia', 510, '1'),
(51009, 'Huancaraylla', 510, '1'),
(51010, 'Hualla', 510, '1'),
(51011, 'Sarhua', 510, '1'),
(51012, 'Vilcanchos', 510, '1'),
(51101, 'Vilcas Huaman', 511, '1'),
(51102, 'Accomarca', 511, '1'),
(51103, 'Carhuanca', 511, '1'),
(51104, 'Concepción', 511, '1'),
(51105, 'Huambalpa', 511, '1'),
(51106, 'Independencia', 511, '1'),
(51107, 'Saurama', 511, '1'),
(51108, 'Vischongo', 511, '1'),
(60101, 'Cajamarca', 601, '1'),
(60102, 'Asunción', 601, '1'),
(60103, 'Chetilla', 601, '1'),
(60104, 'Cospan', 601, '1'),
(60105, 'Encañada', 601, '1'),
(60106, 'Jesús', 601, '1'),
(60107, 'Llacanora', 601, '1'),
(60108, 'Los Baños del Inca', 601, '1'),
(60109, 'Magdalena', 601, '1'),
(60110, 'Matara', 601, '1'),
(60111, 'Namora', 601, '1'),
(60112, 'San Juan', 601, '1'),
(60201, 'Cajabamba', 602, '1'),
(60202, 'Cachachi', 602, '1'),
(60203, 'Condebamba', 602, '1'),
(60204, 'Sitacocha', 602, '1'),
(60301, 'Celendín', 603, '1'),
(60302, 'Chumuch', 603, '1'),
(60303, 'Cortegana', 603, '1'),
(60304, 'Huasmin', 603, '1'),
(60305, 'Jorge Chávez', 603, '1'),
(60306, 'José Gálvez', 603, '1'),
(60307, 'Miguel Iglesias', 603, '1'),
(60308, 'Oxamarca', 603, '1'),
(60309, 'Sorochuco', 603, '1'),
(60310, 'Sucre', 603, '1'),
(60311, 'Utco', 603, '1'),
(60312, 'La Libertad de Pallan', 603, '1'),
(60401, 'Chota', 604, '1'),
(60402, 'Anguia', 604, '1'),
(60403, 'Chadin', 604, '1'),
(60404, 'Chiguirip', 604, '1'),
(60405, 'Chimban', 604, '1'),
(60406, 'Choropampa', 604, '1'),
(60407, 'Cochabamba', 604, '1'),
(60408, 'Conchan', 604, '1'),
(60409, 'Huambos', 604, '1'),
(60410, 'Lajas', 604, '1'),
(60411, 'Llama', 604, '1'),
(60412, 'Miracosta', 604, '1'),
(60413, 'Paccha', 604, '1'),
(60414, 'Pion', 604, '1'),
(60415, 'Querocoto', 604, '1'),
(60416, 'San Juan de Licupis', 604, '1'),
(60417, 'Tacabamba', 604, '1'),
(60418, 'Tocmoche', 604, '1'),
(60419, 'Chalamarca', 604, '1'),
(60501, 'Contumaza', 605, '1'),
(60502, 'Chilete', 605, '1'),
(60503, 'Cupisnique', 605, '1'),
(60504, 'Guzmango', 605, '1'),
(60505, 'San Benito', 605, '1'),
(60506, 'Santa Cruz de Toledo', 605, '1'),
(60507, 'Tantarica', 605, '1'),
(60508, 'Yonan', 605, '1'),
(60601, 'Cutervo', 606, '1'),
(60602, 'Callayuc', 606, '1'),
(60603, 'Choros', 606, '1'),
(60604, 'Cujillo', 606, '1'),
(60605, 'La Ramada', 606, '1'),
(60606, 'Pimpingos', 606, '1'),
(60607, 'Querocotillo', 606, '1'),
(60608, 'San Andrés de Cutervo', 606, '1'),
(60609, 'San Juan de Cutervo', 606, '1'),
(60610, 'San Luis de Lucma', 606, '1'),
(60611, 'Santa Cruz', 606, '1'),
(60612, 'Santo Domingo de la Capilla', 606, '1'),
(60613, 'Santo Tomas', 606, '1'),
(60614, 'Socota', 606, '1'),
(60615, 'Toribio Casanova', 606, '1'),
(60701, 'Bambamarca', 607, '1'),
(60702, 'Chugur', 607, '1'),
(60703, 'Hualgayoc', 607, '1'),
(60801, 'Jaén', 608, '1'),
(60802, 'Bellavista', 608, '1'),
(60803, 'Chontali', 608, '1'),
(60804, 'Colasay', 608, '1'),
(60805, 'Huabal', 608, '1'),
(60806, 'Las Pirias', 608, '1'),
(60807, 'Pomahuaca', 608, '1'),
(60808, 'Pucara', 608, '1'),
(60809, 'Sallique', 608, '1'),
(60810, 'San Felipe', 608, '1'),
(60811, 'San José del Alto', 608, '1'),
(60812, 'Santa Rosa', 608, '1'),
(60901, 'San Ignacio', 609, '1'),
(60902, 'Chirinos', 609, '1'),
(60903, 'Huarango', 609, '1'),
(60904, 'La Coipa', 609, '1'),
(60905, 'Namballe', 609, '1'),
(60906, 'San José de Lourdes', 609, '1'),
(60907, 'Tabaconas', 609, '1'),
(61001, 'Pedro Gálvez', 610, '1'),
(61002, 'Chancay', 610, '1'),
(61003, 'Eduardo Villanueva', 610, '1'),
(61004, 'Gregorio Pita', 610, '1'),
(61005, 'Ichocan', 610, '1'),
(61006, 'José Manuel Quiroz', 610, '1'),
(61007, 'José Sabogal', 610, '1'),
(61101, 'San Miguel', 611, '1'),
(61102, 'Bolívar', 611, '1'),
(61103, 'Calquis', 611, '1'),
(61104, 'Catilluc', 611, '1'),
(61105, 'El Prado', 611, '1'),
(61106, 'La Florida', 611, '1'),
(61107, 'Llapa', 611, '1'),
(61108, 'Nanchoc', 611, '1'),
(61109, 'Niepos', 611, '1'),
(61110, 'San Gregorio', 611, '1'),
(61111, 'San Silvestre de Cochan', 611, '1'),
(61112, 'Tongod', 611, '1'),
(61113, 'Unión Agua Blanca', 611, '1'),
(61201, 'San Pablo', 612, '1'),
(61202, 'San Bernardino', 612, '1'),
(61203, 'San Luis', 612, '1'),
(61204, 'Tumbaden', 612, '1'),
(61301, 'Santa Cruz', 613, '1'),
(61302, 'Andabamba', 613, '1'),
(61303, 'Catache', 613, '1'),
(61304, 'Chancaybaños', 613, '1'),
(61305, 'La Esperanza', 613, '1'),
(61306, 'Ninabamba', 613, '1'),
(61307, 'Pulan', 613, '1'),
(61308, 'Saucepampa', 613, '1'),
(61309, 'Sexi', 613, '1'),
(61310, 'Uticyacu', 613, '1'),
(61311, 'Yauyucan', 613, '1'),
(70101, 'Callao', 701, '1'),
(70102, 'Bellavista', 701, '1'),
(70103, 'Carmen de la Legua Reynoso', 701, '1'),
(70104, 'La Perla', 701, '1'),
(70105, 'La Punta', 701, '1'),
(70106, 'Ventanilla', 701, '1'),
(70107, 'Mi Perú', 701, '1'),
(80101, 'Cusco', 801, '1'),
(80102, 'Ccorca', 801, '1'),
(80103, 'Poroy', 801, '1'),
(80104, 'San Jerónimo', 801, '1'),
(80105, 'San Sebastian', 801, '1'),
(80106, 'Santiago', 801, '1'),
(80107, 'Saylla', 801, '1'),
(80108, 'Wanchaq', 801, '1'),
(80201, 'Acomayo', 802, '1'),
(80202, 'Acopia', 802, '1'),
(80203, 'Acos', 802, '1'),
(80204, 'Mosoc Llacta', 802, '1'),
(80205, 'Pomacanchi', 802, '1'),
(80206, 'Rondocan', 802, '1'),
(80207, 'Sangarara', 802, '1'),
(80301, 'Anta', 803, '1'),
(80302, 'Ancahuasi', 803, '1'),
(80303, 'Cachimayo', 803, '1'),
(80304, 'Chinchaypujio', 803, '1'),
(80305, 'Huarocondo', 803, '1'),
(80306, 'Limatambo', 803, '1'),
(80307, 'Mollepata', 803, '1'),
(80308, 'Pucyura', 803, '1'),
(80309, 'Zurite', 803, '1'),
(80401, 'Calca', 804, '1'),
(80402, 'Coya', 804, '1'),
(80403, 'Lamay', 804, '1'),
(80404, 'Lares', 804, '1'),
(80405, 'Pisac', 804, '1'),
(80406, 'San Salvador', 804, '1'),
(80407, 'Taray', 804, '1'),
(80408, 'Yanatile', 804, '1'),
(80501, 'Yanaoca', 805, '1'),
(80502, 'Checca', 805, '1'),
(80503, 'Kunturkanki', 805, '1'),
(80504, 'Langui', 805, '1'),
(80505, 'Layo', 805, '1'),
(80506, 'Pampamarca', 805, '1'),
(80507, 'Quehue', 805, '1'),
(80508, 'Tupac Amaru', 805, '1'),
(80601, 'Sicuani', 806, '1'),
(80602, 'Checacupe', 806, '1'),
(80603, 'Combapata', 806, '1'),
(80604, 'Marangani', 806, '1'),
(80605, 'Pitumarca', 806, '1'),
(80606, 'San Pablo', 806, '1'),
(80607, 'San Pedro', 806, '1'),
(80608, 'Tinta', 806, '1'),
(80701, 'Santo Tomas', 807, '1'),
(80702, 'Capacmarca', 807, '1'),
(80703, 'Chamaca', 807, '1'),
(80704, 'Colquemarca', 807, '1'),
(80705, 'Livitaca', 807, '1'),
(80706, 'Llusco', 807, '1'),
(80707, 'Quiñota', 807, '1'),
(80708, 'Velille', 807, '1'),
(80801, 'Espinar', 808, '1'),
(80802, 'Condoroma', 808, '1'),
(80803, 'Coporaque', 808, '1'),
(80804, 'Ocoruro', 808, '1'),
(80805, 'Pallpata', 808, '1'),
(80806, 'Pichigua', 808, '1'),
(80807, 'Suyckutambo', 808, '1'),
(80808, 'Alto Pichigua', 808, '1'),
(80901, 'Santa Ana', 809, '1'),
(80902, 'Echarate', 809, '1'),
(80903, 'Huayopata', 809, '1'),
(80904, 'Maranura', 809, '1'),
(80905, 'Ocobamba', 809, '1'),
(80906, 'Quellouno', 809, '1'),
(80907, 'Kimbiri', 809, '1'),
(80908, 'Santa Teresa', 809, '1'),
(80909, 'Vilcabamba', 809, '1'),
(80910, 'Pichari', 809, '1'),
(80911, 'Inkawasi', 809, '1'),
(80912, 'Villa Virgen', 809, '1'),
(80913, 'Villa Kintiarina', 809, '1'),
(80914, 'Megantoni', 809, '1'),
(81001, 'Paruro', 810, '1'),
(81002, 'Accha', 810, '1'),
(81003, 'Ccapi', 810, '1'),
(81004, 'Colcha', 810, '1'),
(81005, 'Huanoquite', 810, '1'),
(81006, 'Omachaç', 810, '1'),
(81007, 'Paccaritambo', 810, '1'),
(81008, 'Pillpinto', 810, '1'),
(81009, 'Yaurisque', 810, '1'),
(81101, 'Paucartambo', 811, '1'),
(81102, 'Caicay', 811, '1'),
(81103, 'Challabamba', 811, '1'),
(81104, 'Colquepata', 811, '1'),
(81105, 'Huancarani', 811, '1'),
(81106, 'Kosñipata', 811, '1'),
(81201, 'Urcos', 812, '1'),
(81202, 'Andahuaylillas', 812, '1'),
(81203, 'Camanti', 812, '1'),
(81204, 'Ccarhuayo', 812, '1'),
(81205, 'Ccatca', 812, '1'),
(81206, 'Cusipata', 812, '1'),
(81207, 'Huaro', 812, '1'),
(81208, 'Lucre', 812, '1'),
(81209, 'Marcapata', 812, '1'),
(81210, 'Ocongate', 812, '1'),
(81211, 'Oropesa', 812, '1'),
(81212, 'Quiquijana', 812, '1'),
(81301, 'Urubamba', 813, '1'),
(81302, 'Chinchero', 813, '1'),
(81303, 'Huayllabamba', 813, '1'),
(81304, 'Machupicchu', 813, '1'),
(81305, 'Maras', 813, '1'),
(81306, 'Ollantaytambo', 813, '1'),
(81307, 'Yucay', 813, '1'),
(90101, 'Huancavelica', 901, '1'),
(90102, 'Acobambilla', 901, '1'),
(90103, 'Acoria', 901, '1'),
(90104, 'Conayca', 901, '1'),
(90105, 'Cuenca', 901, '1'),
(90106, 'Huachocolpa', 901, '1'),
(90107, 'Huayllahuara', 901, '1'),
(90108, 'Izcuchaca', 901, '1'),
(90109, 'Laria', 901, '1'),
(90110, 'Manta', 901, '1'),
(90111, 'Mariscal Cáceres', 901, '1'),
(90112, 'Moya', 901, '1'),
(90113, 'Nuevo Occoro', 901, '1'),
(90114, 'Palca', 901, '1'),
(90115, 'Pilchaca', 901, '1'),
(90116, 'Vilca', 901, '1'),
(90117, 'Yauli', 901, '1'),
(90118, 'Ascensión', 901, '1'),
(90119, 'Huando', 901, '1'),
(90201, 'Acobamba', 902, '1'),
(90202, 'Andabamba', 902, '1'),
(90203, 'Anta', 902, '1'),
(90204, 'Caja', 902, '1'),
(90205, 'Marcas', 902, '1'),
(90206, 'Paucara', 902, '1'),
(90207, 'Pomacocha', 902, '1'),
(90208, 'Rosario', 902, '1'),
(90301, 'Lircay', 903, '1'),
(90302, 'Anchonga', 903, '1'),
(90303, 'Callanmarca', 903, '1'),
(90304, 'Ccochaccasa', 903, '1'),
(90305, 'Chincho', 903, '1'),
(90306, 'Congalla', 903, '1'),
(90307, 'Huanca-Huanca', 903, '1'),
(90308, 'Huayllay Grande', 903, '1'),
(90309, 'Julcamarca', 903, '1'),
(90310, 'San Antonio de Antaparco', 903, '1'),
(90311, 'Santo Tomas de Pata', 903, '1'),
(90312, 'Secclla', 903, '1'),
(90401, 'Castrovirreyna', 904, '1'),
(90402, 'Arma', 904, '1'),
(90403, 'Aurahua', 904, '1'),
(90404, 'Capillas', 904, '1'),
(90405, 'Chupamarca', 904, '1'),
(90406, 'Cocas', 904, '1'),
(90407, 'Huachos', 904, '1'),
(90408, 'Huamatambo', 904, '1'),
(90409, 'Mollepampa', 904, '1'),
(90410, 'San Juan', 904, '1'),
(90411, 'Santa Ana', 904, '1'),
(90412, 'Tantara', 904, '1'),
(90413, 'Ticrapo', 904, '1'),
(90501, 'Churcampa', 905, '1'),
(90502, 'Anco', 905, '1'),
(90503, 'Chinchihuasi', 905, '1'),
(90504, 'El Carmen', 905, '1'),
(90505, 'La Merced', 905, '1'),
(90506, 'Locroja', 905, '1'),
(90507, 'Paucarbamba', 905, '1'),
(90508, 'San Miguel de Mayocc', 905, '1'),
(90509, 'San Pedro de Coris', 905, '1'),
(90510, 'Pachamarca', 905, '1'),
(90511, 'Cosme', 905, '1'),
(90601, 'Huaytara', 906, '1'),
(90602, 'Ayavi', 906, '1'),
(90603, 'Córdova', 906, '1'),
(90604, 'Huayacundo Arma', 906, '1'),
(90605, 'Laramarca', 906, '1'),
(90606, 'Ocoyo', 906, '1'),
(90607, 'Pilpichaca', 906, '1'),
(90608, 'Querco', 906, '1'),
(90609, 'Quito-Arma', 906, '1'),
(90610, 'San Antonio de Cusicancha', 906, '1'),
(90611, 'San Francisco de Sangayaico', 906, '1'),
(90612, 'San Isidro', 906, '1'),
(90613, 'Santiago de Chocorvos', 906, '1'),
(90614, 'Santiago de Quirahuara', 906, '1'),
(90615, 'Santo Domingo de Capillas', 906, '1'),
(90616, 'Tambo', 906, '1'),
(90701, 'Pampas', 907, '1'),
(90702, 'Acostambo', 907, '1'),
(90703, 'Acraquia', 907, '1'),
(90704, 'Ahuaycha', 907, '1'),
(90705, 'Colcabamba', 907, '1'),
(90706, 'Daniel Hernández', 907, '1'),
(90707, 'Huachocolpa', 907, '1'),
(90709, 'Huaribamba', 907, '1'),
(90710, 'Ñahuimpuquio', 907, '1'),
(90711, 'Pazos', 907, '1'),
(90713, 'Quishuar', 907, '1'),
(90714, 'Salcabamba', 907, '1'),
(90715, 'Salcahuasi', 907, '1'),
(90716, 'San Marcos de Rocchac', 907, '1'),
(90717, 'Surcubamba', 907, '1'),
(90718, 'Tintay Puncu', 907, '1'),
(90719, 'Quichuas', 907, '1'),
(90720, 'Andaymarca', 907, '1'),
(90721, 'Roble', 907, '1'),
(90722, 'Pichos', 907, '1'),
(90723, 'Santiago de Tucuma', 907, '1'),
(100101, 'Huanuco', 1001, '1'),
(100102, 'Amarilis', 1001, '1'),
(100103, 'Chinchao', 1001, '1'),
(100104, 'Churubamba', 1001, '1'),
(100105, 'Margos', 1001, '1'),
(100106, 'Quisqui (Kichki)', 1001, '1'),
(100107, 'San Francisco de Cayran', 1001, '1'),
(100108, 'San Pedro de Chaulan', 1001, '1'),
(100109, 'Santa María del Valle', 1001, '1'),
(100110, 'Yarumayo', 1001, '1'),
(100111, 'Pillco Marca', 1001, '1'),
(100112, 'Yacus', 1001, '1'),
(100113, 'San Pablo de Pillao', 1001, '1'),
(100201, 'Ambo', 1002, '1'),
(100202, 'Cayna', 1002, '1'),
(100203, 'Colpas', 1002, '1'),
(100204, 'Conchamarca', 1002, '1'),
(100205, 'Huacar', 1002, '1'),
(100206, 'San Francisco', 1002, '1'),
(100207, 'San Rafael', 1002, '1'),
(100208, 'Tomay Kichwa', 1002, '1'),
(100301, 'La Unión', 1003, '1'),
(100307, 'Chuquis', 1003, '1'),
(100311, 'Marías', 1003, '1'),
(100313, 'Pachas', 1003, '1'),
(100316, 'Quivilla', 1003, '1'),
(100317, 'Ripan', 1003, '1'),
(100321, 'Shunqui', 1003, '1'),
(100322, 'Sillapata', 1003, '1'),
(100323, 'Yanas', 1003, '1'),
(100401, 'Huacaybamba', 1004, '1'),
(100402, 'Canchabamba', 1004, '1'),
(100403, 'Cochabamba', 1004, '1'),
(100404, 'Pinra', 1004, '1'),
(100501, 'Llata', 1005, '1'),
(100502, 'Arancay', 1005, '1'),
(100503, 'Chavín de Pariarca', 1005, '1'),
(100504, 'Jacas Grande', 1005, '1'),
(100505, 'Jircan', 1005, '1'),
(100506, 'Miraflores', 1005, '1'),
(100507, 'Monzón', 1005, '1'),
(100508, 'Punchao', 1005, '1'),
(100509, 'Puños', 1005, '1'),
(100510, 'Singa', 1005, '1'),
(100511, 'Tantamayo', 1005, '1'),
(100601, 'Rupa-Rupa', 1006, '1'),
(100602, 'Daniel Alomía Robles', 1006, '1'),
(100603, 'Hermílio Valdizan', 1006, '1'),
(100604, 'José Crespo y Castillo', 1006, '1'),
(100605, 'Luyando', 1006, '1'),
(100606, 'Mariano Damaso Beraun', 1006, '1'),
(100607, 'Pucayacu', 1006, '1'),
(100608, 'Castillo Grande', 1006, '1'),
(100609, 'Pueblo Nuevo', 1006, '1'),
(100610, 'Santo Domingo de Anda', 1006, '1'),
(100701, 'Huacrachuco', 1007, '1'),
(100702, 'Cholon', 1007, '1'),
(100703, 'San Buenaventura', 1007, '1'),
(100704, 'La Morada', 1007, '1'),
(100705, 'Santa Rosa de Alto Yanajanca', 1007, '1'),
(100801, 'Panao', 1008, '1'),
(100802, 'Chaglla', 1008, '1'),
(100803, 'Molino', 1008, '1'),
(100804, 'Umari', 1008, '1'),
(100901, 'Puerto Inca', 1009, '1'),
(100902, 'Codo del Pozuzo', 1009, '1'),
(100903, 'Honoria', 1009, '1'),
(100904, 'Tournavista', 1009, '1'),
(100905, 'Yuyapichis', 1009, '1'),
(101001, 'Jesús', 1010, '1'),
(101002, 'Baños', 1010, '1'),
(101003, 'Jivia', 1010, '1'),
(101004, 'Queropalca', 1010, '1'),
(101005, 'Rondos', 1010, '1'),
(101006, 'San Francisco de Asís', 1010, '1'),
(101007, 'San Miguel de Cauri', 1010, '1'),
(101101, 'Chavinillo', 1011, '1'),
(101102, 'Cahuac', 1011, '1'),
(101103, 'Chacabamba', 1011, '1'),
(101104, 'Aparicio Pomares', 1011, '1'),
(101105, 'Jacas Chico', 1011, '1'),
(101106, 'Obas', 1011, '1'),
(101107, 'Pampamarca', 1011, '1'),
(101108, 'Choras', 1011, '1'),
(110101, 'Ica', 1101, '1'),
(110102, 'La Tinguiña', 1101, '1'),
(110103, 'Los Aquijes', 1101, '1'),
(110104, 'Ocucaje', 1101, '1'),
(110105, 'Pachacutec', 1101, '1'),
(110106, 'Parcona', 1101, '1'),
(110107, 'Pueblo Nuevo', 1101, '1'),
(110108, 'Salas', 1101, '1'),
(110109, 'San José de Los Molinos', 1101, '1'),
(110110, 'San Juan Bautista', 1101, '1'),
(110111, 'Santiago', 1101, '1'),
(110112, 'Subtanjalla', 1101, '1'),
(110113, 'Tate', 1101, '1'),
(110114, 'Yauca del Rosario', 1101, '1'),
(110201, 'Chincha Alta', 1102, '1'),
(110202, 'Alto Laran', 1102, '1'),
(110203, 'Chavin', 1102, '1'),
(110204, 'Chincha Baja', 1102, '1'),
(110205, 'El Carmen', 1102, '1'),
(110206, 'Grocio Prado', 1102, '1'),
(110207, 'Pueblo Nuevo', 1102, '1'),
(110208, 'San Juan de Yanac', 1102, '1'),
(110209, 'San Pedro de Huacarpana', 1102, '1'),
(110210, 'Sunampe', 1102, '1'),
(110211, 'Tambo de Mora', 1102, '1'),
(110301, 'Nasca', 1103, '1'),
(110302, 'Changuillo', 1103, '1'),
(110303, 'El Ingenio', 1103, '1'),
(110304, 'Marcona', 1103, '1'),
(110305, 'Vista Alegre', 1103, '1'),
(110401, 'Palpa', 1104, '1'),
(110402, 'Llipata', 1104, '1'),
(110403, 'Río Grande', 1104, '1'),
(110404, 'Santa Cruz', 1104, '1'),
(110405, 'Tibillo', 1104, '1'),
(110501, 'Pisco', 1105, '1'),
(110502, 'Huancano', 1105, '1'),
(110503, 'Humay', 1105, '1'),
(110504, 'Independencia', 1105, '1'),
(110505, 'Paracas', 1105, '1'),
(110506, 'San Andrés', 1105, '1'),
(110507, 'San Clemente', 1105, '1'),
(110508, 'Tupac Amaru Inca', 1105, '1'),
(120101, 'Huancayo', 1201, '1'),
(120104, 'Carhuacallanga', 1201, '1'),
(120105, 'Chacapampa', 1201, '1'),
(120106, 'Chicche', 1201, '1'),
(120107, 'Chilca', 1201, '1'),
(120108, 'Chongos Alto', 1201, '1'),
(120111, 'Chupuro', 1201, '1'),
(120112, 'Colca', 1201, '1'),
(120113, 'Cullhuas', 1201, '1'),
(120114, 'El Tambo', 1201, '1'),
(120116, 'Huacrapuquio', 1201, '1'),
(120117, 'Hualhuas', 1201, '1'),
(120119, 'Huancan', 1201, '1'),
(120120, 'Huasicancha', 1201, '1'),
(120121, 'Huayucachi', 1201, '1'),
(120122, 'Ingenio', 1201, '1'),
(120124, 'Pariahuanca', 1201, '1'),
(120125, 'Pilcomayo', 1201, '1'),
(120126, 'Pucara', 1201, '1'),
(120127, 'Quichuay', 1201, '1'),
(120128, 'Quilcas', 1201, '1'),
(120129, 'San Agustín', 1201, '1'),
(120130, 'San Jerónimo de Tunan', 1201, '1'),
(120132, 'Saño', 1201, '1'),
(120133, 'Sapallanga', 1201, '1'),
(120134, 'Sicaya', 1201, '1'),
(120135, 'Santo Domingo de Acobamba', 1201, '1'),
(120136, 'Viques', 1201, '1'),
(120201, 'Concepción', 1202, '1'),
(120202, 'Aco', 1202, '1'),
(120203, 'Andamarca', 1202, '1'),
(120204, 'Chambara', 1202, '1'),
(120205, 'Cochas', 1202, '1'),
(120206, 'Comas', 1202, '1'),
(120207, 'Heroínas Toledo', 1202, '1'),
(120208, 'Manzanares', 1202, '1'),
(120209, 'Mariscal Castilla', 1202, '1'),
(120210, 'Matahuasi', 1202, '1'),
(120211, 'Mito', 1202, '1'),
(120212, 'Nueve de Julio', 1202, '1'),
(120213, 'Orcotuna', 1202, '1'),
(120214, 'San José de Quero', 1202, '1'),
(120215, 'Santa Rosa de Ocopa', 1202, '1'),
(120301, 'Chanchamayo', 1203, '1'),
(120302, 'Perene', 1203, '1'),
(120303, 'Pichanaqui', 1203, '1'),
(120304, 'San Luis de Shuaro', 1203, '1'),
(120305, 'San Ramón', 1203, '1'),
(120306, 'Vitoc', 1203, '1'),
(120401, 'Jauja', 1204, '1'),
(120402, 'Acolla', 1204, '1'),
(120403, 'Apata', 1204, '1'),
(120404, 'Ataura', 1204, '1'),
(120405, 'Canchayllo', 1204, '1'),
(120406, 'Curicaca', 1204, '1'),
(120407, 'El Mantaro', 1204, '1'),
(120408, 'Huamali', 1204, '1'),
(120409, 'Huaripampa', 1204, '1'),
(120410, 'Huertas', 1204, '1'),
(120411, 'Janjaillo', 1204, '1'),
(120412, 'Julcán', 1204, '1'),
(120413, 'Leonor Ordóñez', 1204, '1'),
(120414, 'Llocllapampa', 1204, '1'),
(120415, 'Marco', 1204, '1'),
(120416, 'Masma', 1204, '1'),
(120417, 'Masma Chicche', 1204, '1'),
(120418, 'Molinos', 1204, '1'),
(120419, 'Monobamba', 1204, '1'),
(120420, 'Muqui', 1204, '1'),
(120421, 'Muquiyauyo', 1204, '1'),
(120422, 'Paca', 1204, '1'),
(120423, 'Paccha', 1204, '1'),
(120424, 'Pancan', 1204, '1'),
(120425, 'Parco', 1204, '1'),
(120426, 'Pomacancha', 1204, '1'),
(120427, 'Ricran', 1204, '1'),
(120428, 'San Lorenzo', 1204, '1'),
(120429, 'San Pedro de Chunan', 1204, '1'),
(120430, 'Sausa', 1204, '1'),
(120431, 'Sincos', 1204, '1'),
(120432, 'Tunan Marca', 1204, '1'),
(120433, 'Yauli', 1204, '1'),
(120434, 'Yauyos', 1204, '1'),
(120501, 'Junin', 1205, '1'),
(120502, 'Carhuamayo', 1205, '1'),
(120503, 'Ondores', 1205, '1'),
(120504, 'Ulcumayo', 1205, '1'),
(120601, 'Satipo', 1206, '1'),
(120602, 'Coviriali', 1206, '1'),
(120603, 'Llaylla', 1206, '1'),
(120604, 'Mazamari', 1206, '1'),
(120605, 'Pampa Hermosa', 1206, '1'),
(120606, 'Pangoa', 1206, '1'),
(120607, 'Río Negro', 1206, '1'),
(120608, 'Río Tambo', 1206, '1'),
(120609, 'Vizcatan del Ene', 1206, '1'),
(120701, 'Tarma', 1207, '1'),
(120702, 'Acobamba', 1207, '1'),
(120703, 'Huaricolca', 1207, '1'),
(120704, 'Huasahuasi', 1207, '1'),
(120705, 'La Unión', 1207, '1'),
(120706, 'Palca', 1207, '1'),
(120707, 'Palcamayo', 1207, '1'),
(120708, 'San Pedro de Cajas', 1207, '1'),
(120709, 'Tapo', 1207, '1'),
(120801, 'La Oroya', 1208, '1'),
(120802, 'Chacapalpa', 1208, '1'),
(120803, 'Huay-Huay', 1208, '1'),
(120804, 'Marcapomacocha', 1208, '1'),
(120805, 'Morococha', 1208, '1'),
(120806, 'Paccha', 1208, '1'),
(120807, 'Santa Bárbara de Carhuacayan', 1208, '1'),
(120808, 'Santa Rosa de Sacco', 1208, '1'),
(120809, 'Suitucancha', 1208, '1'),
(120810, 'Yauli', 1208, '1'),
(120901, 'Chupaca', 1209, '1'),
(120902, 'Ahuac', 1209, '1'),
(120903, 'Chongos Bajo', 1209, '1'),
(120904, 'Huachac', 1209, '1'),
(120905, 'Huamancaca Chico', 1209, '1'),
(120906, 'San Juan de Iscos', 1209, '1'),
(120907, 'San Juan de Jarpa', 1209, '1'),
(120908, 'Tres de Diciembre', 1209, '1'),
(120909, 'Yanacancha', 1209, '1'),
(130101, 'Trujillo', 1301, '1'),
(130102, 'El Porvenir', 1301, '1'),
(130103, 'Florencia de Mora', 1301, '1'),
(130104, 'Huanchaco', 1301, '1'),
(130105, 'La Esperanza', 1301, '1'),
(130106, 'Laredo', 1301, '1'),
(130107, 'Moche', 1301, '1'),
(130108, 'Poroto', 1301, '1'),
(130109, 'Salaverry', 1301, '1'),
(130110, 'Simbal', 1301, '1'),
(130111, 'Victor Larco Herrera', 1301, '1'),
(130201, 'Ascope', 1302, '1'),
(130202, 'Chicama', 1302, '1'),
(130203, 'Chocope', 1302, '1'),
(130204, 'Magdalena de Cao', 1302, '1'),
(130205, 'Paijan', 1302, '1'),
(130206, 'Rázuri', 1302, '1'),
(130207, 'Santiago de Cao', 1302, '1'),
(130208, 'Casa Grande', 1302, '1'),
(130301, 'Bolívar', 1303, '1'),
(130302, 'Bambamarca', 1303, '1'),
(130303, 'Condormarca', 1303, '1'),
(130304, 'Longotea', 1303, '1'),
(130305, 'Uchumarca', 1303, '1'),
(130306, 'Ucuncha', 1303, '1'),
(130401, 'Chepen', 1304, '1'),
(130402, 'Pacanga', 1304, '1'),
(130403, 'Pueblo Nuevo', 1304, '1'),
(130501, 'Julcan', 1305, '1'),
(130502, 'Calamarca', 1305, '1'),
(130503, 'Carabamba', 1305, '1'),
(130504, 'Huaso', 1305, '1'),
(130601, 'Otuzco', 1306, '1'),
(130602, 'Agallpampa', 1306, '1'),
(130604, 'Charat', 1306, '1'),
(130605, 'Huaranchal', 1306, '1'),
(130606, 'La Cuesta', 1306, '1'),
(130608, 'Mache', 1306, '1'),
(130610, 'Paranday', 1306, '1'),
(130611, 'Salpo', 1306, '1'),
(130613, 'Sinsicap', 1306, '1'),
(130614, 'Usquil', 1306, '1'),
(130701, 'San Pedro de Lloc', 1307, '1'),
(130702, 'Guadalupe', 1307, '1'),
(130703, 'Jequetepeque', 1307, '1'),
(130704, 'Pacasmayo', 1307, '1'),
(130705, 'San José', 1307, '1'),
(130801, 'Tayabamba', 1308, '1'),
(130802, 'Buldibuyo', 1308, '1'),
(130803, 'Chillia', 1308, '1'),
(130804, 'Huancaspata', 1308, '1'),
(130805, 'Huaylillas', 1308, '1'),
(130806, 'Huayo', 1308, '1'),
(130807, 'Ongon', 1308, '1'),
(130808, 'Parcoy', 1308, '1'),
(130809, 'Pataz', 1308, '1'),
(130810, 'Pias', 1308, '1'),
(130811, 'Santiago de Challas', 1308, '1'),
(130812, 'Taurija', 1308, '1'),
(130813, 'Urpay', 1308, '1'),
(130901, 'Huamachuco', 1309, '1'),
(130902, 'Chugay', 1309, '1'),
(130903, 'Cochorco', 1309, '1'),
(130904, 'Curgos', 1309, '1'),
(130905, 'Marcabal', 1309, '1'),
(130906, 'Sanagoran', 1309, '1'),
(130907, 'Sarin', 1309, '1'),
(130908, 'Sartimbamba', 1309, '1'),
(131001, 'Santiago de Chuco', 1310, '1'),
(131002, 'Angasmarca', 1310, '1'),
(131003, 'Cachicadan', 1310, '1'),
(131004, 'Mollebamba', 1310, '1'),
(131005, 'Mollepata', 1310, '1'),
(131006, 'Quiruvilca', 1310, '1'),
(131007, 'Santa Cruz de Chuca', 1310, '1'),
(131008, 'Sitabamba', 1310, '1'),
(131101, 'Cascas', 1311, '1'),
(131102, 'Lucma', 1311, '1'),
(131103, 'Marmot', 1311, '1'),
(131104, 'Sayapullo', 1311, '1'),
(131201, 'Viru', 1312, '1'),
(131202, 'Chao', 1312, '1'),
(131203, 'Guadalupito', 1312, '1'),
(140101, 'Chiclayo', 1401, '1'),
(140102, 'Chongoyape', 1401, '1'),
(140103, 'Eten', 1401, '1'),
(140104, 'Eten Puerto', 1401, '1'),
(140105, 'José Leonardo Ortiz', 1401, '1'),
(140106, 'La Victoria', 1401, '1'),
(140107, 'Lagunas', 1401, '1'),
(140108, 'Monsefu', 1401, '1'),
(140109, 'Nueva Arica', 1401, '1'),
(140110, 'Oyotun', 1401, '1'),
(140111, 'Picsi', 1401, '1'),
(140112, 'Pimentel', 1401, '1'),
(140113, 'Reque', 1401, '1'),
(140114, 'Santa Rosa', 1401, '1'),
(140115, 'Saña', 1401, '1'),
(140116, 'Cayalti', 1401, '1'),
(140117, 'Patapo', 1401, '1'),
(140118, 'Pomalca', 1401, '1'),
(140119, 'Pucala', 1401, '1'),
(140120, 'Tuman', 1401, '1'),
(140201, 'Ferreñafe', 1402, '1'),
(140202, 'Cañaris', 1402, '1'),
(140203, 'Incahuasi', 1402, '1'),
(140204, 'Manuel Antonio Mesones Muro', 1402, '1'),
(140205, 'Pitipo', 1402, '1'),
(140206, 'Pueblo Nuevo', 1402, '1'),
(140301, 'Lambayeque', 1403, '1'),
(140302, 'Chochope', 1403, '1'),
(140303, 'Illimo', 1403, '1'),
(140304, 'Jayanca', 1403, '1'),
(140305, 'Mochumi', 1403, '1'),
(140306, 'Morrope', 1403, '1'),
(140307, 'Motupe', 1403, '1'),
(140308, 'Olmos', 1403, '1'),
(140309, 'Pacora', 1403, '1'),
(140310, 'Salas', 1403, '1'),
(140311, 'San José', 1403, '1'),
(140312, 'Tucume', 1403, '1'),
(150101, 'Lima', 1501, '1'),
(150102, 'Ancón', 1501, '1'),
(150103, 'Ate', 1501, '1'),
(150104, 'Barranco', 1501, '1'),
(150105, 'Breña', 1501, '1'),
(150106, 'Carabayllo', 1501, '1'),
(150107, 'Chaclacayo', 1501, '1'),
(150108, 'Chorrillos', 1501, '1'),
(150109, 'Cieneguilla', 1501, '1'),
(150110, 'Comas', 1501, '1'),
(150111, 'El Agustino', 1501, '1'),
(150112, 'Independencia', 1501, '1'),
(150113, 'Jesús María', 1501, '1'),
(150114, 'La Molina', 1501, '1'),
(150115, 'La Victoria', 1501, '1'),
(150116, 'Lince', 1501, '1'),
(150117, 'Los Olivos', 1501, '1'),
(150118, 'Lurigancho', 1501, '1'),
(150119, 'Lurin', 1501, '1'),
(150120, 'Magdalena del Mar', 1501, '1'),
(150121, 'Pueblo Libre', 1501, '1'),
(150122, 'Miraflores', 1501, '1'),
(150123, 'Pachacamac', 1501, '1'),
(150124, 'Pucusana', 1501, '1'),
(150125, 'Puente Piedra', 1501, '1'),
(150126, 'Punta Hermosa', 1501, '1'),
(150127, 'Punta Negra', 1501, '1'),
(150128, 'Rímac', 1501, '1'),
(150129, 'San Bartolo', 1501, '1'),
(150130, 'San Borja', 1501, '1'),
(150131, 'San Isidro', 1501, '1'),
(150132, 'San Juan de Lurigancho', 1501, '1'),
(150133, 'San Juan de Miraflores', 1501, '1'),
(150134, 'San Luis', 1501, '1'),
(150135, 'San Martín de Porres', 1501, '1'),
(150136, 'San Miguel', 1501, '1'),
(150137, 'Santa Anita', 1501, '1'),
(150138, 'Santa María del Mar', 1501, '1'),
(150139, 'Santa Rosa', 1501, '1'),
(150140, 'Santiago de Surco', 1501, '1'),
(150141, 'Surquillo', 1501, '1'),
(150142, 'Villa El Salvador', 1501, '1'),
(150143, 'Villa María del Triunfo', 1501, '1'),
(150201, 'Barranca', 1502, '1'),
(150202, 'Paramonga', 1502, '1'),
(150203, 'Pativilca', 1502, '1'),
(150204, 'Supe', 1502, '1'),
(150205, 'Supe Puerto', 1502, '1'),
(150301, 'Cajatambo', 1503, '1'),
(150302, 'Copa', 1503, '1'),
(150303, 'Gorgor', 1503, '1'),
(150304, 'Huancapon', 1503, '1'),
(150305, 'Manas', 1503, '1'),
(150401, 'Canta', 1504, '1'),
(150402, 'Arahuay', 1504, '1'),
(150403, 'Huamantanga', 1504, '1'),
(150404, 'Huaros', 1504, '1'),
(150405, 'Lachaqui', 1504, '1'),
(150406, 'San Buenaventura', 1504, '1'),
(150407, 'Santa Rosa de Quives', 1504, '1'),
(150501, 'San Vicente de Cañete', 1505, '1'),
(150502, 'Asia', 1505, '1'),
(150503, 'Calango', 1505, '1'),
(150504, 'Cerro Azul', 1505, '1'),
(150505, 'Chilca', 1505, '1'),
(150506, 'Coayllo', 1505, '1'),
(150507, 'Imperial', 1505, '1'),
(150508, 'Lunahuana', 1505, '1'),
(150509, 'Mala', 1505, '1'),
(150510, 'Nuevo Imperial', 1505, '1'),
(150511, 'Pacaran', 1505, '1'),
(150512, 'Quilmana', 1505, '1'),
(150513, 'San Antonio', 1505, '1'),
(150514, 'San Luis', 1505, '1'),
(150515, 'Santa Cruz de Flores', 1505, '1'),
(150516, 'Zúñiga', 1505, '1'),
(150601, 'Huaral', 1506, '1'),
(150602, 'Atavillos Alto', 1506, '1'),
(150603, 'Atavillos Bajo', 1506, '1'),
(150604, 'Aucallama', 1506, '1'),
(150605, 'Chancay', 1506, '1'),
(150606, 'Ihuari', 1506, '1'),
(150607, 'Lampian', 1506, '1'),
(150608, 'Pacaraos', 1506, '1'),
(150609, 'San Miguel de Acos', 1506, '1'),
(150610, 'Santa Cruz de Andamarca', 1506, '1'),
(150611, 'Sumbilca', 1506, '1'),
(150612, 'Veintisiete de Noviembre', 1506, '1'),
(150701, 'Matucana', 1507, '1'),
(150702, 'Antioquia', 1507, '1'),
(150703, 'Callahuanca', 1507, '1'),
(150704, 'Carampoma', 1507, '1'),
(150705, 'Chicla', 1507, '1'),
(150706, 'Cuenca', 1507, '1'),
(150707, 'Huachupampa', 1507, '1'),
(150708, 'Huanza', 1507, '1'),
(150709, 'Huarochiri', 1507, '1'),
(150710, 'Lahuaytambo', 1507, '1'),
(150711, 'Langa', 1507, '1'),
(150712, 'Laraos', 1507, '1'),
(150713, 'Mariatana', 1507, '1'),
(150714, 'Ricardo Palma', 1507, '1'),
(150715, 'San Andrés de Tupicocha', 1507, '1'),
(150716, 'San Antonio', 1507, '1'),
(150717, 'San Bartolomé', 1507, '1'),
(150718, 'San Damian', 1507, '1'),
(150719, 'San Juan de Iris', 1507, '1'),
(150720, 'San Juan de Tantaranche', 1507, '1'),
(150721, 'San Lorenzo de Quinti', 1507, '1'),
(150722, 'San Mateo', 1507, '1'),
(150723, 'San Mateo de Otao', 1507, '1'),
(150724, 'San Pedro de Casta', 1507, '1'),
(150725, 'San Pedro de Huancayre', 1507, '1'),
(150726, 'Sangallaya', 1507, '1'),
(150727, 'Santa Cruz de Cocachacra', 1507, '1'),
(150728, 'Santa Eulalia', 1507, '1'),
(150729, 'Santiago de Anchucaya', 1507, '1'),
(150730, 'Santiago de Tuna', 1507, '1'),
(150731, 'Santo Domingo de Los Olleros', 1507, '1'),
(150732, 'Surco', 1507, '1'),
(150801, 'Huacho', 1508, '1'),
(150802, 'Ambar', 1508, '1'),
(150803, 'Caleta de Carquin', 1508, '1'),
(150804, 'Checras', 1508, '1'),
(150805, 'Hualmay', 1508, '1'),
(150806, 'Huaura', 1508, '1'),
(150807, 'Leoncio Prado', 1508, '1'),
(150808, 'Paccho', 1508, '1'),
(150809, 'Santa Leonor', 1508, '1'),
(150810, 'Santa María', 1508, '1'),
(150811, 'Sayan', 1508, '1'),
(150812, 'Vegueta', 1508, '1'),
(150901, 'Oyon', 1509, '1'),
(150902, 'Andajes', 1509, '1'),
(150903, 'Caujul', 1509, '1'),
(150904, 'Cochamarca', 1509, '1'),
(150905, 'Navan', 1509, '1'),
(150906, 'Pachangara', 1509, '1'),
(151001, 'Yauyos', 1510, '1'),
(151002, 'Alis', 1510, '1'),
(151003, 'Allauca', 1510, '1'),
(151004, 'Ayaviri', 1510, '1'),
(151005, 'Azángaro', 1510, '1'),
(151006, 'Cacra', 1510, '1'),
(151007, 'Carania', 1510, '1'),
(151008, 'Catahuasi', 1510, '1'),
(151009, 'Chocos', 1510, '1'),
(151010, 'Cochas', 1510, '1'),
(151011, 'Colonia', 1510, '1'),
(151012, 'Hongos', 1510, '1'),
(151013, 'Huampara', 1510, '1'),
(151014, 'Huancaya', 1510, '1'),
(151015, 'Huangascar', 1510, '1'),
(151016, 'Huantan', 1510, '1'),
(151017, 'Huañec', 1510, '1'),
(151018, 'Laraos', 1510, '1'),
(151019, 'Lincha', 1510, '1'),
(151020, 'Madean', 1510, '1'),
(151021, 'Miraflores', 1510, '1'),
(151022, 'Omas', 1510, '1'),
(151023, 'Putinza', 1510, '1'),
(151024, 'Quinches', 1510, '1'),
(151025, 'Quinocay', 1510, '1'),
(151026, 'San Joaquín', 1510, '1'),
(151027, 'San Pedro de Pilas', 1510, '1'),
(151028, 'Tanta', 1510, '1'),
(151029, 'Tauripampa', 1510, '1'),
(151030, 'Tomas', 1510, '1'),
(151031, 'Tupe', 1510, '1'),
(151032, 'Viñac', 1510, '1'),
(151033, 'Vitis', 1510, '1'),
(160101, 'Iquitos', 1601, '1'),
(160102, 'Alto Nanay', 1601, '1'),
(160103, 'Fernando Lores', 1601, '1'),
(160104, 'Indiana', 1601, '1'),
(160105, 'Las Amazonas', 1601, '1'),
(160106, 'Mazan', 1601, '1'),
(160107, 'Napo', 1601, '1'),
(160108, 'Punchana', 1601, '1'),
(160110, 'Torres Causana', 1601, '1'),
(160112, 'Belén', 1601, '1'),
(160113, 'San Juan Bautista', 1601, '1'),
(160201, 'Yurimaguas', 1602, '1'),
(160202, 'Balsapuerto', 1602, '1'),
(160205, 'Jeberos', 1602, '1'),
(160206, 'Lagunas', 1602, '1'),
(160210, 'Santa Cruz', 1602, '1'),
(160211, 'Teniente Cesar López Rojas', 1602, '1'),
(160301, 'Nauta', 1603, '1'),
(160302, 'Parinari', 1603, '1'),
(160303, 'Tigre', 1603, '1'),
(160304, 'Trompeteros', 1603, '1'),
(160305, 'Urarinas', 1603, '1'),
(160401, 'Ramón Castilla', 1604, '1'),
(160402, 'Pebas', 1604, '1'),
(160403, 'Yavari', 1604, '1'),
(160404, 'San Pablo', 1604, '1'),
(160501, 'Requena', 1605, '1'),
(160502, 'Alto Tapiche', 1605, '1'),
(160503, 'Capelo', 1605, '1'),
(160504, 'Emilio San Martín', 1605, '1'),
(160505, 'Maquia', 1605, '1'),
(160506, 'Puinahua', 1605, '1'),
(160507, 'Saquena', 1605, '1'),
(160508, 'Soplin', 1605, '1'),
(160509, 'Tapiche', 1605, '1'),
(160510, 'Jenaro Herrera', 1605, '1'),
(160511, 'Yaquerana', 1605, '1'),
(160601, 'Contamana', 1606, '1'),
(160602, 'Inahuaya', 1606, '1'),
(160603, 'Padre Márquez', 1606, '1'),
(160604, 'Pampa Hermosa', 1606, '1'),
(160605, 'Sarayacu', 1606, '1'),
(160606, 'Vargas Guerra', 1606, '1'),
(160701, 'Barranca', 1607, '1'),
(160702, 'Cahuapanas', 1607, '1'),
(160703, 'Manseriche', 1607, '1'),
(160704, 'Morona', 1607, '1'),
(160705, 'Pastaza', 1607, '1'),
(160706, 'Andoas', 1607, '1'),
(160801, 'Putumayo', 1608, '1'),
(160802, 'Rosa Panduro', 1608, '1'),
(160803, 'Teniente Manuel Clavero', 1608, '1'),
(160804, 'Yaguas', 1608, '1'),
(170101, 'Tambopata', 1701, '1'),
(170102, 'Inambari', 1701, '1'),
(170103, 'Las Piedras', 1701, '1'),
(170104, 'Laberinto', 1701, '1'),
(170201, 'Manu', 1702, '1'),
(170202, 'Fitzcarrald', 1702, '1'),
(170203, 'Madre de Dios', 1702, '1'),
(170204, 'Huepetuhe', 1702, '1'),
(170301, 'Iñapari', 1703, '1'),
(170302, 'Iberia', 1703, '1'),
(170303, 'Tahuamanu', 1703, '1'),
(180101, 'Moquegua', 1801, '1'),
(180102, 'Carumas', 1801, '1'),
(180103, 'Cuchumbaya', 1801, '1'),
(180104, 'Samegua', 1801, '1'),
(180105, 'San Cristóbal', 1801, '1'),
(180106, 'Torata', 1801, '1'),
(180201, 'Omate', 1802, '1'),
(180202, 'Chojata', 1802, '1'),
(180203, 'Coalaque', 1802, '1'),
(180204, 'Ichuña', 1802, '1'),
(180205, 'La Capilla', 1802, '1'),
(180206, 'Lloque', 1802, '1'),
(180207, 'Matalaque', 1802, '1'),
(180208, 'Puquina', 1802, '1'),
(180209, 'Quinistaquillas', 1802, '1'),
(180210, 'Ubinas', 1802, '1'),
(180211, 'Yunga', 1802, '1'),
(180301, 'Ilo', 1803, '1'),
(180302, 'El Algarrobal', 1803, '1'),
(180303, 'Pacocha', 1803, '1'),
(190101, 'Chaupimarca', 1901, '1'),
(190102, 'Huachon', 1901, '1'),
(190103, 'Huariaca', 1901, '1'),
(190104, 'Huayllay', 1901, '1'),
(190105, 'Ninacaca', 1901, '1'),
(190106, 'Pallanchacra', 1901, '1'),
(190107, 'Paucartambo', 1901, '1'),
(190108, 'San Francisco de Asís de Yarusyacan', 1901, '1'),
(190109, 'Simon Bolívar', 1901, '1'),
(190110, 'Ticlacayan', 1901, '1'),
(190111, 'Tinyahuarco', 1901, '1'),
(190112, 'Vicco', 1901, '1'),
(190113, 'Yanacancha', 1901, '1'),
(190201, 'Yanahuanca', 1902, '1'),
(190202, 'Chacayan', 1902, '1'),
(190203, 'Goyllarisquizga', 1902, '1'),
(190204, 'Paucar', 1902, '1'),
(190205, 'San Pedro de Pillao', 1902, '1'),
(190206, 'Santa Ana de Tusi', 1902, '1'),
(190207, 'Tapuc', 1902, '1'),
(190208, 'Vilcabamba', 1902, '1'),
(190301, 'Oxapampa', 1903, '1'),
(190302, 'Chontabamba', 1903, '1'),
(190303, 'Huancabamba', 1903, '1'),
(190304, 'Palcazu', 1903, '1'),
(190305, 'Pozuzo', 1903, '1'),
(190306, 'Puerto Bermúdez', 1903, '1'),
(190307, 'Villa Rica', 1903, '1'),
(190308, 'Constitución', 1903, '1'),
(200101, 'Piura', 2001, '1'),
(200104, 'Castilla', 2001, '1'),
(200105, 'Catacaos', 2001, '1'),
(200107, 'Cura Mori', 2001, '1'),
(200108, 'El Tallan', 2001, '1'),
(200109, 'La Arena', 2001, '1'),
(200110, 'La Unión', 2001, '1'),
(200111, 'Las Lomas', 2001, '1'),
(200114, 'Tambo Grande', 2001, '1'),
(200115, 'Veintiseis de Octubre', 2001, '1'),
(200201, 'Ayabaca', 2002, '1'),
(200202, 'Frias', 2002, '1'),
(200203, 'Jilili', 2002, '1'),
(200204, 'Lagunas', 2002, '1'),
(200205, 'Montero', 2002, '1'),
(200206, 'Pacaipampa', 2002, '1'),
(200207, 'Paimas', 2002, '1'),
(200208, 'Sapillica', 2002, '1'),
(200209, 'Sicchez', 2002, '1'),
(200210, 'Suyo', 2002, '1'),
(200301, 'Huancabamba', 2003, '1'),
(200302, 'Canchaque', 2003, '1'),
(200303, 'El Carmen de la Frontera', 2003, '1'),
(200304, 'Huarmaca', 2003, '1'),
(200305, 'Lalaquiz', 2003, '1'),
(200306, 'San Miguel de El Faique', 2003, '1'),
(200307, 'Sondor', 2003, '1'),
(200308, 'Sondorillo', 2003, '1'),
(200401, 'Chulucanas', 2004, '1'),
(200402, 'Buenos Aires', 2004, '1'),
(200403, 'Chalaco', 2004, '1'),
(200404, 'La Matanza', 2004, '1'),
(200405, 'Morropon', 2004, '1'),
(200406, 'Salitral', 2004, '1'),
(200407, 'San Juan de Bigote', 2004, '1'),
(200408, 'Santa Catalina de Mossa', 2004, '1');
INSERT INTO `distritos` (`iddistrito`, `distrito`, `idprovincia`, `estado`) VALUES
(200409, 'Santo Domingo', 2004, '1'),
(200410, 'Yamango', 2004, '1'),
(200501, 'Paita', 2005, '1'),
(200502, 'Amotape', 2005, '1'),
(200503, 'Arenal', 2005, '1'),
(200504, 'Colan', 2005, '1'),
(200505, 'La Huaca', 2005, '1'),
(200506, 'Tamarindo', 2005, '1'),
(200507, 'Vichayal', 2005, '1'),
(200601, 'Sullana', 2006, '1'),
(200602, 'Bellavista', 2006, '1'),
(200603, 'Ignacio Escudero', 2006, '1'),
(200604, 'Lancones', 2006, '1'),
(200605, 'Marcavelica', 2006, '1'),
(200606, 'Miguel Checa', 2006, '1'),
(200607, 'Querecotillo', 2006, '1'),
(200608, 'Salitral', 2006, '1'),
(200701, 'Pariñas', 2007, '1'),
(200702, 'El Alto', 2007, '1'),
(200703, 'La Brea', 2007, '1'),
(200704, 'Lobitos', 2007, '1'),
(200705, 'Los Organos', 2007, '1'),
(200706, 'Mancora', 2007, '1'),
(200801, 'Sechura', 2008, '1'),
(200802, 'Bellavista de la Unión', 2008, '1'),
(200803, 'Bernal', 2008, '1'),
(200804, 'Cristo Nos Valga', 2008, '1'),
(200805, 'Vice', 2008, '1'),
(200806, 'Rinconada Llicuar', 2008, '1'),
(210101, 'Puno', 2101, '1'),
(210102, 'Acora', 2101, '1'),
(210103, 'Amantani', 2101, '1'),
(210104, 'Atuncolla', 2101, '1'),
(210105, 'Capachica', 2101, '1'),
(210106, 'Chucuito', 2101, '1'),
(210107, 'Coata', 2101, '1'),
(210108, 'Huata', 2101, '1'),
(210109, 'Mañazo', 2101, '1'),
(210110, 'Paucarcolla', 2101, '1'),
(210111, 'Pichacani', 2101, '1'),
(210112, 'Plateria', 2101, '1'),
(210113, 'San Antonio', 2101, '1'),
(210114, 'Tiquillaca', 2101, '1'),
(210115, 'Vilque', 2101, '1'),
(210201, 'Azángaro', 2102, '1'),
(210202, 'Achaya', 2102, '1'),
(210203, 'Arapa', 2102, '1'),
(210204, 'Asillo', 2102, '1'),
(210205, 'Caminaca', 2102, '1'),
(210206, 'Chupa', 2102, '1'),
(210207, 'José Domingo Choquehuanca', 2102, '1'),
(210208, 'Muñani', 2102, '1'),
(210209, 'Potoni', 2102, '1'),
(210210, 'Saman', 2102, '1'),
(210211, 'San Anton', 2102, '1'),
(210212, 'San José', 2102, '1'),
(210213, 'San Juan de Salinas', 2102, '1'),
(210214, 'Santiago de Pupuja', 2102, '1'),
(210215, 'Tirapata', 2102, '1'),
(210301, 'Macusani', 2103, '1'),
(210302, 'Ajoyani', 2103, '1'),
(210303, 'Ayapata', 2103, '1'),
(210304, 'Coasa', 2103, '1'),
(210305, 'Corani', 2103, '1'),
(210306, 'Crucero', 2103, '1'),
(210307, 'Ituata', 2103, '1'),
(210308, 'Ollachea', 2103, '1'),
(210309, 'San Gaban', 2103, '1'),
(210310, 'Usicayos', 2103, '1'),
(210401, 'Juli', 2104, '1'),
(210402, 'Desaguadero', 2104, '1'),
(210403, 'Huacullani', 2104, '1'),
(210404, 'Kelluyo', 2104, '1'),
(210405, 'Pisacoma', 2104, '1'),
(210406, 'Pomata', 2104, '1'),
(210407, 'Zepita', 2104, '1'),
(210501, 'Ilave', 2105, '1'),
(210502, 'Capazo', 2105, '1'),
(210503, 'Pilcuyo', 2105, '1'),
(210504, 'Santa Rosa', 2105, '1'),
(210505, 'Conduriri', 2105, '1'),
(210601, 'Huancane', 2106, '1'),
(210602, 'Cojata', 2106, '1'),
(210603, 'Huatasani', 2106, '1'),
(210604, 'Inchupalla', 2106, '1'),
(210605, 'Pusi', 2106, '1'),
(210606, 'Rosaspata', 2106, '1'),
(210607, 'Taraco', 2106, '1'),
(210608, 'Vilque Chico', 2106, '1'),
(210701, 'Lampa', 2107, '1'),
(210702, 'Cabanilla', 2107, '1'),
(210703, 'Calapuja', 2107, '1'),
(210704, 'Nicasio', 2107, '1'),
(210705, 'Ocuviri', 2107, '1'),
(210706, 'Palca', 2107, '1'),
(210707, 'Paratia', 2107, '1'),
(210708, 'Pucara', 2107, '1'),
(210709, 'Santa Lucia', 2107, '1'),
(210710, 'Vilavila', 2107, '1'),
(210801, 'Ayaviri', 2108, '1'),
(210802, 'Antauta', 2108, '1'),
(210803, 'Cupi', 2108, '1'),
(210804, 'Llalli', 2108, '1'),
(210805, 'Macari', 2108, '1'),
(210806, 'Nuñoa', 2108, '1'),
(210807, 'Orurillo', 2108, '1'),
(210808, 'Santa Rosa', 2108, '1'),
(210809, 'Umachiri', 2108, '1'),
(210901, 'Moho', 2109, '1'),
(210902, 'Conima', 2109, '1'),
(210903, 'Huayrapata', 2109, '1'),
(210904, 'Tilali', 2109, '1'),
(211001, 'Putina', 2110, '1'),
(211002, 'Ananea', 2110, '1'),
(211003, 'Pedro Vilca Apaza', 2110, '1'),
(211004, 'Quilcapuncu', 2110, '1'),
(211005, 'Sina', 2110, '1'),
(211101, 'Juliaca', 2111, '1'),
(211102, 'Cabana', 2111, '1'),
(211103, 'Cabanillas', 2111, '1'),
(211104, 'Caracoto', 2111, '1'),
(211105, 'San Miguel', 2111, '1'),
(211201, 'Sandia', 2112, '1'),
(211202, 'Cuyocuyo', 2112, '1'),
(211203, 'Limbani', 2112, '1'),
(211204, 'Patambuco', 2112, '1'),
(211205, 'Phara', 2112, '1'),
(211206, 'Quiaca', 2112, '1'),
(211207, 'San Juan del Oro', 2112, '1'),
(211208, 'Yanahuaya', 2112, '1'),
(211209, 'Alto Inambari', 2112, '1'),
(211210, 'San Pedro de Putina Punco', 2112, '1'),
(211301, 'Yunguyo', 2113, '1'),
(211302, 'Anapia', 2113, '1'),
(211303, 'Copani', 2113, '1'),
(211304, 'Cuturapi', 2113, '1'),
(211305, 'Ollaraya', 2113, '1'),
(211306, 'Tinicachi', 2113, '1'),
(211307, 'Unicachi', 2113, '1'),
(220101, 'Moyobamba', 2201, '1'),
(220102, 'Calzada', 2201, '1'),
(220103, 'Habana', 2201, '1'),
(220104, 'Jepelacio', 2201, '1'),
(220105, 'Soritor', 2201, '1'),
(220106, 'Yantalo', 2201, '1'),
(220201, 'Bellavista', 2202, '1'),
(220202, 'Alto Biavo', 2202, '1'),
(220203, 'Bajo Biavo', 2202, '1'),
(220204, 'Huallaga', 2202, '1'),
(220205, 'San Pablo', 2202, '1'),
(220206, 'San Rafael', 2202, '1'),
(220301, 'San José de Sisa', 2203, '1'),
(220302, 'Agua Blanca', 2203, '1'),
(220303, 'San Martín', 2203, '1'),
(220304, 'Santa Rosa', 2203, '1'),
(220305, 'Shatoja', 2203, '1'),
(220401, 'Saposoa', 2204, '1'),
(220402, 'Alto Saposoa', 2204, '1'),
(220403, 'El Eslabón', 2204, '1'),
(220404, 'Piscoyacu', 2204, '1'),
(220405, 'Sacanche', 2204, '1'),
(220406, 'Tingo de Saposoa', 2204, '1'),
(220501, 'Lamas', 2205, '1'),
(220502, 'Alonso de Alvarado', 2205, '1'),
(220503, 'Barranquita', 2205, '1'),
(220504, 'Caynarachi', 2205, '1'),
(220505, 'Cuñumbuqui', 2205, '1'),
(220506, 'Pinto Recodo', 2205, '1'),
(220507, 'Rumisapa', 2205, '1'),
(220508, 'San Roque de Cumbaza', 2205, '1'),
(220509, 'Shanao', 2205, '1'),
(220510, 'Tabalosos', 2205, '1'),
(220511, 'Zapatero', 2205, '1'),
(220601, 'Juanjuí', 2206, '1'),
(220602, 'Campanilla', 2206, '1'),
(220603, 'Huicungo', 2206, '1'),
(220604, 'Pachiza', 2206, '1'),
(220605, 'Pajarillo', 2206, '1'),
(220701, 'Picota', 2207, '1'),
(220702, 'Buenos Aires', 2207, '1'),
(220703, 'Caspisapa', 2207, '1'),
(220704, 'Pilluana', 2207, '1'),
(220705, 'Pucacaca', 2207, '1'),
(220706, 'San Cristóbal', 2207, '1'),
(220707, 'San Hilarión', 2207, '1'),
(220708, 'Shamboyacu', 2207, '1'),
(220709, 'Tingo de Ponasa', 2207, '1'),
(220710, 'Tres Unidos', 2207, '1'),
(220801, 'Rioja', 2208, '1'),
(220802, 'Awajun', 2208, '1'),
(220803, 'Elías Soplin Vargas', 2208, '1'),
(220804, 'Nueva Cajamarca', 2208, '1'),
(220805, 'Pardo Miguel', 2208, '1'),
(220806, 'Posic', 2208, '1'),
(220807, 'San Fernando', 2208, '1'),
(220808, 'Yorongos', 2208, '1'),
(220809, 'Yuracyacu', 2208, '1'),
(220901, 'Tarapoto', 2209, '1'),
(220902, 'Alberto Leveau', 2209, '1'),
(220903, 'Cacatachi', 2209, '1'),
(220904, 'Chazuta', 2209, '1'),
(220905, 'Chipurana', 2209, '1'),
(220906, 'El Porvenir', 2209, '1'),
(220907, 'Huimbayoc', 2209, '1'),
(220908, 'Juan Guerra', 2209, '1'),
(220909, 'La Banda de Shilcayo', 2209, '1'),
(220910, 'Morales', 2209, '1'),
(220911, 'Papaplaya', 2209, '1'),
(220912, 'San Antonio', 2209, '1'),
(220913, 'Sauce', 2209, '1'),
(220914, 'Shapaja', 2209, '1'),
(221001, 'Tocache', 2210, '1'),
(221002, 'Nuevo Progreso', 2210, '1'),
(221003, 'Polvora', 2210, '1'),
(221004, 'Shunte', 2210, '1'),
(221005, 'Uchiza', 2210, '1'),
(230101, 'Tacna', 2301, '1'),
(230102, 'Alto de la Alianza', 2301, '1'),
(230103, 'Calana', 2301, '1'),
(230104, 'Ciudad Nueva', 2301, '1'),
(230105, 'Inclan', 2301, '1'),
(230106, 'Pachia', 2301, '1'),
(230107, 'Palca', 2301, '1'),
(230108, 'Pocollay', 2301, '1'),
(230109, 'Sama', 2301, '1'),
(230110, 'Coronel Gregorio Albarracín Lanchipa', 2301, '1'),
(230111, 'La Yarada los Palos', 2301, '1'),
(230201, 'Candarave', 2302, '1'),
(230202, 'Cairani', 2302, '1'),
(230203, 'Camilaca', 2302, '1'),
(230204, 'Curibaya', 2302, '1'),
(230205, 'Huanuara', 2302, '1'),
(230206, 'Quilahuani', 2302, '1'),
(230301, 'Locumba', 2303, '1'),
(230302, 'Ilabaya', 2303, '1'),
(230303, 'Ite', 2303, '1'),
(230401, 'Tarata', 2304, '1'),
(230402, 'Héroes Albarracín', 2304, '1'),
(230403, 'Estique', 2304, '1'),
(230404, 'Estique-Pampa', 2304, '1'),
(230405, 'Sitajara', 2304, '1'),
(230406, 'Susapaya', 2304, '1'),
(230407, 'Tarucachi', 2304, '1'),
(230408, 'Ticaco', 2304, '1'),
(240101, 'Tumbes', 2401, '1'),
(240102, 'Corrales', 2401, '1'),
(240103, 'La Cruz', 2401, '1'),
(240104, 'Pampas de Hospital', 2401, '1'),
(240105, 'San Jacinto', 2401, '1'),
(240106, 'San Juan de la Virgen', 2401, '1'),
(240201, 'Zorritos', 2402, '1'),
(240202, 'Casitas', 2402, '1'),
(240203, 'Canoas de Punta Sal', 2402, '1'),
(240301, 'Zarumilla', 2403, '1'),
(240302, 'Aguas Verdes', 2403, '1'),
(240303, 'Matapalo', 2403, '1'),
(240304, 'Papayal', 2403, '1'),
(250101, 'Calleria', 2501, '1'),
(250102, 'Campoverde', 2501, '1'),
(250103, 'Iparia', 2501, '1'),
(250104, 'Masisea', 2501, '1'),
(250105, 'Yarinacocha', 2501, '1'),
(250106, 'Nueva Requena', 2501, '1'),
(250107, 'Manantay', 2501, '1'),
(250201, 'Raymondi', 2502, '1'),
(250202, 'Sepahua', 2502, '1'),
(250203, 'Tahuania', 2502, '1'),
(250204, 'Yurua', 2502, '1'),
(250301, 'Padre Abad', 2503, '1'),
(250302, 'Irazola', 2503, '1'),
(250303, 'Curimana', 2503, '1'),
(250304, 'Neshuya', 2503, '1'),
(250305, 'Alexander Von Humboldt', 2503, '1'),
(250401, 'Purus', 2504, '1');

-- --------------------------------------------------------

--
-- Estructura de tabla para la tabla `failed_jobs`
--

CREATE TABLE `failed_jobs` (
  `id` bigint(20) UNSIGNED NOT NULL,
  `connection` text COLLATE utf8mb4_unicode_ci NOT NULL,
  `queue` text COLLATE utf8mb4_unicode_ci NOT NULL,
  `payload` longtext COLLATE utf8mb4_unicode_ci NOT NULL,
  `exception` longtext COLLATE utf8mb4_unicode_ci NOT NULL,
  `failed_at` timestamp NOT NULL DEFAULT current_timestamp()
) ENGINE=InnoDB DEFAULT CHARSET=utf8mb4 COLLATE=utf8mb4_unicode_ci;

-- --------------------------------------------------------

--
-- Estructura de tabla para la tabla `grados`
--

CREATE TABLE `grados` (
  `idgrado` int(11) NOT NULL,
  `grado` varchar(30) NOT NULL,
  `idnivel` int(11) NOT NULL,
  `estado` char(1) NOT NULL
) ENGINE=InnoDB DEFAULT CHARSET=utf8mb4;

--
-- Volcado de datos para la tabla `grados`
--

INSERT INTO `grados` (`idgrado`, `grado`, `idnivel`, `estado`) VALUES
(1, 'PRIMERO DE SECUNDARIA', 3, '1'),
(2, 'SEGUNDO DE SECUNDARIA', 3, '1'),
(3, 'TERCERO DE SECUNDARIA', 3, '1'),
(4, 'CUARTO DE SECUNDARIA', 3, '1'),
(5, 'QUINTO DE SECUNDARIA', 3, '1'),
(6, 'PRIMERO DE PRIMARIA', 2, '1'),
(7, 'SEGUNDO DE PRIMARIA', 2, '1'),
(8, 'TERCERO DE PRIMARIA', 2, '1'),
(9, 'CUARTO DE PRIMARIA', 2, '1'),
(10, 'QUINTO DE PRIMARIA', 2, '1'),
(11, 'SEXTO DE PRIMARIA', 2, '1'),
(12, '3 AÑOS', 1, '1'),
(13, '4 AÑOS', 1, '1'),
(14, '5 AÑOS', 1, '1');

-- --------------------------------------------------------

--
-- Estructura de tabla para la tabla `matriculas`
--

CREATE TABLE `matriculas` (
  `idalumno` int(11) NOT NULL,
  `idperiodo` int(11) NOT NULL,
  `idmatricula` int(11) NOT NULL,
  `fecha` date NOT NULL,
  `idseccion` int(11) NOT NULL,
  `estado` char(1) NOT NULL
) ENGINE=InnoDB DEFAULT CHARSET=utf8mb4;

--
-- Volcado de datos para la tabla `matriculas`
--

INSERT INTO `matriculas` (`idalumno`, `idperiodo`, `idmatricula`, `fecha`, `idseccion`, `estado`) VALUES
(1, 4, 1, '2020-02-15', 1, '1'),
(2, 4, 2, '2020-02-20', 3, '1'),
(3, 4, 3, '2020-02-24', 1, '1'),
(4, 4, 4, '2021-02-10', 6, '1'),
(5, 4, 5, '2021-02-10', 6, '1'),
(6, 4, 6, '2021-02-10', 6, '1'),
(7, 4, 7, '2021-02-10', 6, '1'),
(8, 4, 8, '2021-02-10', 6, '1'),
(9, 4, 9, '2021-02-10', 14, '1'),
(10, 4, 10, '2021-02-10', 14, '1'),
(11, 4, 11, '2021-02-10', 14, '1'),
(12, 4, 12, '2021-02-10', 14, '1'),
(13, 4, 13, '2021-02-10', 1, '1'),
(14, 4, 14, '2021-02-10', 1, '1'),
(15, 4, 15, '2021-02-10', 1, '1'),
(16, 4, 16, '2021-02-10', 1, '1'),
(17, 4, 17, '2021-02-10', 1, '1'),
(18, 4, 18, '2021-02-10', 3, '1'),
(20, 4, 19, '2021-02-10', 3, '1'),
(19, 4, 20, '2021-02-10', 3, '1');

-- --------------------------------------------------------

--
-- Estructura de tabla para la tabla `migrations`
--

CREATE TABLE `migrations` (
  `id` int(10) UNSIGNED NOT NULL,
  `migration` varchar(255) COLLATE utf8mb4_unicode_ci NOT NULL,
  `batch` int(11) NOT NULL
) ENGINE=InnoDB DEFAULT CHARSET=utf8mb4 COLLATE=utf8mb4_unicode_ci;

--
-- Volcado de datos para la tabla `migrations`
--

INSERT INTO `migrations` (`id`, `migration`, `batch`) VALUES
(8, '2014_10_12_000000_create_users_table', 1),
(9, '2014_10_12_100000_create_password_resets_table', 1),
(10, '2019_08_19_000000_create_failed_jobs_table', 1),
(11, '2021_01_10_235621_create_roles_table', 1);

-- --------------------------------------------------------

--
-- Estructura de tabla para la tabla `niveles`
--

CREATE TABLE `niveles` (
  `idnivel` int(11) NOT NULL,
  `nivel` varchar(30) DEFAULT NULL,
  `estado` char(1) NOT NULL
) ENGINE=InnoDB DEFAULT CHARSET=utf8mb4;

--
-- Volcado de datos para la tabla `niveles`
--

INSERT INTO `niveles` (`idnivel`, `nivel`, `estado`) VALUES
(1, 'INICIAL', '1'),
(2, 'PRIMARIA', '1'),
(3, 'SECUNDARIA', '1');

-- --------------------------------------------------------

--
-- Estructura de tabla para la tabla `notas`
--

CREATE TABLE `notas` (
  `idmatricula` int(11) NOT NULL,
  `idcapacidad` int(11) NOT NULL,
  `idnota` int(11) NOT NULL,
  `nota1` float NOT NULL,
  `nota2` float NOT NULL,
  `nota3` float NOT NULL,
  `promedio` int(11) NOT NULL,
  `estado` char(1) NOT NULL
) ENGINE=InnoDB DEFAULT CHARSET=utf8mb4;

--
-- Volcado de datos para la tabla `notas`
--

INSERT INTO `notas` (`idmatricula`, `idcapacidad`, `idnota`, `nota1`, `nota2`, `nota3`, `promedio`, `estado`) VALUES
(1, 1, 1, 14, 16, 11, 14, '1'),
(1, 2, 2, 15, 12, 14, 14, '1'),
(1, 3, 3, 12, 16, 15, 14, '1'),
(1, 4, 4, 11, 12, 13, 12, '1'),
(1, 5, 5, 12, 13, 14, 13, '1'),
(1, 6, 6, 10, 11, 12, 11, '1'),
(1, 7, 7, 9, 10, 13, 11, '1'),
(1, 8, 8, 14, 8, 13, 12, '1'),
(1, 9, 9, 15, 16, 5, 12, '1'),
(1, 10, 10, 14, 16, 13, 14, '1'),
(1, 11, 11, 15, 16, 14, 15, '1'),
(1, 12, 12, 12, 16, 15, 14, '1'),
(1, 13, 13, 11, 12, 13, 12, '1'),
(1, 14, 14, 12, 13, 14, 13, '1'),
(1, 15, 15, 10, 11, 12, 11, '1'),
(1, 16, 16, 9, 10, 13, 11, '1'),
(1, 17, 17, 14, 8, 13, 12, '1'),
(1, 18, 18, 15, 16, 5, 12, '1'),
(2, 43, 22, 14, 12, 9, 12, '1'),
(3, 1, 23, 13, 13, 13, 13, '1'),
(3, 2, 26, 13, 19, 19, 17, '1'),
(4, 106, 90, 14, 16, 13, 14, '1'),
(4, 107, 91, 15, 16, 14, 15, '1'),
(4, 108, 92, 12, 16, 15, 14, '1'),
(4, 109, 93, 11, 12, 13, 12, '1'),
(4, 110, 94, 12, 13, 14, 13, '1'),
(4, 111, 95, 10, 11, 12, 11, '1'),
(4, 112, 96, 9, 10, 13, 11, '1'),
(4, 113, 97, 14, 8, 13, 12, '1'),
(4, 114, 98, 15, 16, 5, 12, '1'),
(4, 115, 99, 14, 16, 13, 14, '1'),
(4, 116, 100, 15, 16, 14, 15, '1'),
(4, 117, 101, 12, 16, 15, 14, '1'),
(4, 118, 102, 11, 12, 13, 12, '1'),
(4, 119, 103, 12, 13, 14, 13, '1'),
(4, 120, 104, 10, 11, 12, 11, '1'),
(4, 121, 105, 9, 10, 13, 11, '1'),
(4, 122, 106, 14, 8, 13, 12, '1'),
(4, 123, 107, 15, 16, 5, 12, '1'),
(5, 106, 108, 15, 16, 14, 15, '1'),
(5, 107, 109, 12, 16, 15, 14, '1'),
(5, 108, 110, 11, 12, 13, 12, '1'),
(5, 109, 111, 12, 13, 14, 13, '1'),
(5, 110, 112, 10, 11, 12, 11, '1'),
(5, 111, 113, 9, 10, 13, 11, '1'),
(5, 112, 114, 14, 8, 13, 12, '1'),
(5, 113, 115, 15, 16, 5, 12, '1'),
(5, 114, 116, 14, 16, 13, 14, '1'),
(5, 115, 117, 15, 16, 14, 15, '1'),
(5, 116, 118, 12, 16, 15, 14, '1'),
(5, 117, 119, 11, 12, 13, 12, '1'),
(5, 118, 120, 12, 13, 14, 13, '1'),
(5, 119, 121, 10, 11, 12, 11, '1'),
(5, 120, 122, 9, 10, 13, 11, '1'),
(5, 121, 123, 14, 8, 13, 12, '1'),
(5, 122, 124, 15, 16, 5, 12, '1'),
(5, 123, 125, 14, 16, 13, 14, '1'),
(6, 106, 126, 15, 16, 14, 15, '1'),
(6, 107, 127, 12, 16, 15, 14, '1'),
(6, 108, 128, 11, 12, 13, 12, '1'),
(6, 109, 129, 12, 13, 14, 13, '1'),
(6, 110, 130, 10, 11, 12, 11, '1'),
(6, 111, 131, 9, 10, 13, 11, '1'),
(6, 112, 132, 14, 8, 13, 12, '1'),
(6, 113, 133, 15, 16, 5, 12, '1'),
(6, 114, 134, 14, 16, 13, 14, '1'),
(6, 115, 135, 15, 16, 14, 15, '1'),
(6, 116, 136, 12, 16, 15, 14, '1'),
(6, 117, 137, 11, 12, 13, 12, '1'),
(6, 118, 138, 12, 13, 14, 13, '1'),
(6, 119, 139, 10, 11, 12, 11, '1'),
(6, 120, 140, 9, 10, 13, 11, '1'),
(6, 121, 141, 14, 8, 13, 12, '1'),
(6, 122, 142, 15, 16, 5, 12, '1'),
(6, 123, 143, 14, 16, 13, 14, '1'),
(7, 114, 144, 15, 16, 14, 15, '1'),
(7, 115, 145, 12, 16, 15, 14, '1'),
(7, 116, 146, 11, 12, 13, 12, '1'),
(7, 117, 147, 12, 13, 14, 13, '1'),
(7, 118, 148, 10, 11, 12, 11, '1'),
(7, 119, 149, 9, 10, 13, 11, '1'),
(7, 120, 150, 14, 8, 13, 12, '1'),
(7, 121, 151, 15, 16, 5, 12, '1'),
(7, 122, 152, 14, 16, 13, 14, '1'),
(7, 123, 153, 15, 16, 14, 15, '1'),
(7, 106, 154, 12, 16, 15, 14, '1'),
(7, 107, 155, 11, 12, 13, 12, '1'),
(7, 108, 156, 12, 13, 14, 13, '1'),
(7, 109, 157, 10, 11, 12, 11, '1'),
(7, 110, 158, 9, 10, 13, 11, '1'),
(7, 111, 159, 14, 8, 13, 12, '1'),
(7, 112, 160, 15, 16, 5, 12, '1'),
(7, 113, 161, 14, 16, 13, 14, '1'),
(8, 106, 162, 15, 16, 13, 15, '1'),
(8, 107, 163, 12, 16, 15, 14, '1'),
(8, 108, 164, 11, 12, 13, 12, '1'),
(8, 109, 165, 12, 11, 14, 13, '1'),
(8, 110, 166, 10, 11, 12, 11, '1'),
(8, 111, 167, 9, 10, 13, 11, '1'),
(8, 112, 168, 17, 8, 13, 12, '1'),
(8, 113, 169, 15, 16, 5, 12, '1'),
(8, 114, 170, 14, 16, 13, 14, '1'),
(8, 115, 171, 16, 16, 14, 15, '1'),
(8, 116, 172, 12, 16, 15, 14, '1'),
(8, 117, 173, 11, 17, 13, 12, '1'),
(8, 118, 174, 12, 13, 14, 13, '1'),
(8, 119, 175, 19, 11, 12, 11, '1'),
(8, 120, 176, 9, 10, 13, 11, '1'),
(8, 121, 177, 16, 8, 13, 12, '1'),
(8, 122, 178, 15, 11, 5, 12, '1'),
(8, 123, 179, 14, 16, 13, 14, '1'),
(9, 238, 180, 17, 16, 18, 18, '1'),
(9, 239, 181, 17, 16, 18, 17, '1'),
(9, 240, 182, 18, 17, 18, 18, '1'),
(9, 241, 183, 17, 19, 18, 18, '1'),
(9, 242, 184, 19, 17, 18, 18, '1'),
(9, 243, 185, 17, 17, 18, 17, '1'),
(9, 244, 186, 19, 19, 19, 19, '1'),
(9, 245, 187, 18, 18, 8, 18, '1'),
(9, 246, 188, 17, 18, 19, 18, '1'),
(9, 247, 189, 19, 17, 19, 18, '1'),
(9, 248, 190, 19, 18, 17, 19, '1'),
(9, 249, 191, 17, 18, 13, 17, '1'),
(10, 238, 192, 17, 18, 18, 18, '1'),
(10, 239, 193, 17, 17, 18, 17, '1'),
(10, 240, 194, 18, 17, 18, 18, '1'),
(10, 241, 195, 18, 19, 18, 18, '1'),
(10, 242, 196, 19, 18, 18, 18, '1'),
(10, 243, 197, 17, 17, 17, 17, '1'),
(10, 244, 198, 19, 18, 19, 19, '1'),
(10, 245, 199, 18, 18, 18, 18, '1'),
(10, 246, 200, 17, 18, 19, 18, '1'),
(10, 247, 201, 19, 17, 19, 18, '1'),
(10, 248, 202, 19, 18, 17, 19, '1'),
(10, 249, 203, 17, 18, 18, 18, '1'),
(11, 238, 204, 17, 16, 18, 18, '1'),
(11, 239, 205, 17, 16, 18, 17, '1'),
(11, 240, 206, 18, 17, 18, 18, '1'),
(11, 241, 207, 17, 19, 18, 18, '1'),
(11, 242, 208, 19, 17, 18, 18, '1'),
(11, 243, 209, 17, 17, 18, 17, '1'),
(11, 244, 210, 19, 19, 19, 19, '1'),
(11, 245, 211, 18, 18, 8, 18, '1'),
(11, 246, 212, 17, 18, 19, 18, '1'),
(11, 247, 213, 19, 17, 19, 18, '1'),
(11, 248, 214, 19, 18, 17, 19, '1'),
(11, 249, 215, 17, 18, 13, 17, '1'),
(12, 238, 216, 17, 16, 16, 16, '1'),
(12, 239, 217, 17, 16, 18, 17, '1'),
(12, 240, 218, 16, 17, 18, 18, '1'),
(12, 241, 219, 17, 16, 18, 18, '1'),
(12, 242, 220, 19, 17, 18, 18, '1'),
(12, 243, 221, 17, 17, 18, 17, '1'),
(12, 244, 222, 19, 16, 19, 18, '1'),
(12, 245, 223, 17, 18, 16, 17, '1'),
(12, 246, 224, 17, 18, 16, 17, '1'),
(12, 247, 225, 19, 17, 19, 18, '1'),
(12, 248, 226, 19, 18, 19, 19, '1'),
(12, 249, 227, 17, 18, 13, 17, '1'),
(13, 1, 228, 12, 16, 14, 15, '1'),
(13, 2, 229, 13, 15, 17, 15, '1'),
(13, 3, 230, 11, 13, 15, 13, '1'),
(13, 4, 231, 15, 16, 17, 16, '1'),
(13, 5, 232, 14, 14, 16, 15, '1'),
(13, 6, 233, 16, 17, 18, 17, '1'),
(13, 7, 234, 15, 16, 15, 15, '1'),
(13, 8, 235, 14, 14, 15, 15, '1'),
(13, 9, 236, 13, 14, 15, 14, '1'),
(13, 10, 237, 15, 17, 15, 16, '1'),
(13, 11, 238, 14, 16, 17, 16, '1'),
(13, 12, 239, 15, 15, 13, 14, '1'),
(13, 13, 240, 17, 16, 17, 17, '1'),
(13, 14, 241, 17, 15, 16, 16, '1'),
(13, 15, 242, 15, 14, 16, 15, '1'),
(13, 16, 243, 13, 8, 13, 11, '1'),
(13, 17, 244, 12, 14, 16, 14, '1'),
(13, 18, 245, 13, 15, 13, 14, '1'),
(13, 19, 246, 19, 17, 19, 18, '1'),
(13, 20, 247, 19, 18, 19, 19, '1'),
(13, 21, 248, 17, 18, 13, 17, '1'),
(14, 1, 249, 14, 16, 17, 16, '1'),
(14, 2, 250, 15, 15, 13, 14, '1'),
(14, 3, 251, 17, 16, 17, 17, '1'),
(14, 4, 252, 17, 15, 16, 16, '1'),
(14, 5, 253, 15, 14, 16, 15, '1'),
(14, 6, 254, 13, 8, 13, 11, '1'),
(14, 7, 255, 12, 14, 16, 14, '1'),
(14, 8, 256, 12, 16, 14, 15, '1'),
(14, 9, 257, 13, 15, 17, 15, '1'),
(14, 10, 258, 11, 13, 15, 13, '1'),
(14, 11, 259, 15, 16, 17, 16, '1'),
(14, 12, 260, 14, 14, 16, 15, '1'),
(14, 13, 261, 16, 17, 18, 17, '1'),
(14, 14, 262, 15, 16, 15, 15, '1'),
(14, 15, 263, 14, 14, 15, 15, '1'),
(14, 16, 264, 13, 14, 15, 14, '1'),
(14, 17, 265, 15, 17, 15, 16, '1'),
(14, 18, 266, 13, 15, 13, 14, '1'),
(14, 19, 267, 19, 17, 19, 18, '1'),
(14, 20, 268, 19, 18, 19, 19, '1'),
(14, 21, 269, 17, 18, 13, 17, '1'),
(15, 1, 270, 15, 14, 16, 15, '1'),
(15, 2, 271, 13, 8, 13, 11, '1'),
(15, 3, 272, 12, 14, 16, 14, '1'),
(15, 4, 273, 14, 16, 17, 16, '1'),
(15, 5, 274, 15, 15, 13, 14, '1'),
(15, 6, 275, 17, 16, 17, 17, '1'),
(15, 7, 276, 17, 15, 16, 16, '1'),
(15, 8, 277, 12, 16, 14, 15, '1'),
(15, 9, 278, 13, 15, 17, 15, '1'),
(15, 10, 279, 14, 14, 15, 15, '1'),
(15, 11, 280, 13, 14, 15, 14, '1'),
(15, 12, 281, 15, 17, 15, 16, '1'),
(15, 13, 282, 13, 15, 13, 14, '1'),
(15, 14, 283, 11, 13, 15, 13, '1'),
(15, 15, 284, 15, 16, 17, 16, '1'),
(15, 16, 285, 14, 14, 16, 15, '1'),
(15, 17, 286, 16, 17, 18, 17, '1'),
(15, 18, 287, 15, 16, 15, 15, '1'),
(15, 19, 288, 19, 17, 19, 18, '1'),
(15, 20, 289, 19, 18, 19, 19, '1'),
(15, 21, 290, 17, 18, 13, 17, '1'),
(16, 1, 291, 14, 16, 17, 16, '1'),
(16, 2, 292, 15, 15, 13, 14, '1'),
(16, 3, 293, 17, 16, 17, 17, '1'),
(16, 4, 294, 17, 15, 16, 16, '1'),
(16, 5, 295, 15, 14, 16, 15, '1'),
(16, 6, 296, 13, 8, 13, 11, '1'),
(16, 7, 297, 12, 14, 16, 14, '1'),
(16, 8, 298, 12, 16, 14, 15, '1'),
(16, 9, 299, 13, 15, 17, 15, '1'),
(16, 10, 300, 11, 13, 15, 13, '1'),
(16, 11, 301, 15, 16, 17, 16, '1'),
(16, 12, 302, 14, 14, 16, 15, '1'),
(16, 13, 303, 16, 17, 18, 17, '1'),
(16, 14, 304, 15, 16, 15, 15, '1'),
(16, 15, 305, 14, 14, 15, 15, '1'),
(16, 16, 306, 13, 14, 15, 14, '1'),
(16, 17, 307, 15, 17, 15, 16, '1'),
(16, 18, 308, 13, 15, 13, 14, '1'),
(16, 19, 309, 19, 17, 19, 18, '1'),
(16, 20, 310, 19, 18, 19, 19, '1'),
(16, 21, 311, 17, 18, 13, 17, '1'),
(17, 1, 312, 15, 14, 16, 15, '1'),
(17, 2, 313, 13, 8, 13, 11, '1'),
(17, 3, 314, 12, 14, 16, 14, '1'),
(17, 4, 315, 14, 16, 17, 16, '1'),
(17, 5, 316, 15, 15, 13, 14, '1'),
(17, 6, 317, 17, 16, 17, 17, '1'),
(17, 7, 318, 17, 15, 16, 16, '1'),
(17, 8, 319, 12, 16, 14, 15, '1'),
(17, 9, 320, 13, 15, 17, 15, '1'),
(17, 10, 321, 14, 14, 15, 15, '1'),
(17, 11, 322, 13, 14, 15, 14, '1'),
(17, 12, 323, 15, 17, 15, 16, '1'),
(17, 13, 324, 13, 15, 13, 14, '1'),
(17, 14, 325, 11, 13, 15, 13, '1'),
(17, 15, 326, 15, 16, 17, 16, '1'),
(17, 16, 327, 14, 14, 16, 15, '1'),
(17, 17, 328, 16, 17, 18, 17, '1'),
(17, 18, 329, 15, 16, 15, 15, '1'),
(17, 19, 330, 19, 17, 19, 18, '1'),
(17, 20, 331, 19, 18, 19, 19, '1'),
(17, 21, 332, 17, 18, 13, 17, '1'),
(18, 43, 333, 15, 14, 16, 15, '1'),
(18, 44, 334, 13, 8, 13, 11, '1'),
(18, 45, 335, 12, 14, 16, 14, '1'),
(18, 46, 336, 14, 16, 17, 16, '1'),
(18, 47, 337, 15, 15, 13, 14, '1'),
(18, 48, 338, 17, 16, 17, 17, '1'),
(18, 49, 339, 17, 15, 16, 16, '1'),
(18, 50, 340, 12, 16, 14, 15, '1'),
(18, 51, 341, 13, 15, 17, 15, '1'),
(18, 52, 342, 14, 14, 15, 15, '1'),
(18, 53, 343, 13, 14, 15, 14, '1'),
(18, 54, 344, 15, 17, 15, 16, '1'),
(18, 55, 345, 13, 15, 13, 14, '1'),
(18, 56, 346, 11, 13, 15, 13, '1'),
(18, 57, 347, 15, 16, 17, 16, '1'),
(18, 58, 348, 14, 14, 16, 15, '1'),
(18, 59, 349, 16, 17, 18, 17, '1'),
(18, 60, 350, 15, 16, 15, 15, '1'),
(18, 61, 351, 19, 17, 19, 18, '1'),
(18, 62, 352, 19, 18, 19, 19, '1'),
(18, 63, 353, 17, 18, 13, 17, '1'),
(19, 43, 354, 15, 15, 13, 14, '1'),
(19, 44, 355, 17, 16, 17, 17, '1'),
(19, 45, 356, 17, 15, 16, 16, '1'),
(19, 46, 357, 12, 16, 14, 15, '1'),
(19, 47, 358, 15, 14, 16, 15, '1'),
(19, 48, 359, 13, 8, 13, 11, '1'),
(19, 49, 360, 12, 14, 16, 14, '1'),
(19, 50, 361, 14, 16, 17, 16, '1'),
(19, 52, 362, 13, 15, 17, 15, '1'),
(19, 53, 363, 14, 14, 15, 15, '1'),
(19, 54, 364, 11, 13, 15, 13, '1'),
(19, 55, 365, 15, 16, 17, 16, '1'),
(19, 56, 366, 14, 14, 16, 15, '1'),
(19, 57, 367, 15, 16, 15, 15, '1'),
(19, 58, 368, 13, 14, 15, 14, '1'),
(19, 59, 369, 15, 17, 15, 16, '1'),
(19, 60, 370, 13, 15, 13, 14, '1'),
(19, 51, 371, 16, 17, 18, 17, '1'),
(19, 61, 372, 19, 17, 19, 18, '1'),
(19, 62, 373, 19, 18, 19, 19, '1'),
(19, 63, 374, 17, 18, 13, 17, '1'),
(20, 43, 375, 17, 15, 16, 16, '1'),
(20, 44, 376, 12, 16, 14, 15, '1'),
(20, 45, 377, 15, 15, 13, 14, '1'),
(20, 46, 378, 17, 16, 17, 17, '1'),
(20, 47, 379, 15, 14, 16, 15, '1'),
(20, 48, 380, 13, 8, 13, 11, '1'),
(20, 49, 381, 13, 15, 17, 15, '1'),
(20, 50, 382, 14, 14, 15, 15, '1'),
(20, 51, 383, 12, 14, 16, 14, '1'),
(20, 52, 384, 14, 16, 17, 16, '1'),
(20, 53, 385, 11, 13, 15, 13, '1'),
(20, 54, 386, 15, 16, 17, 16, '1'),
(20, 55, 387, 14, 14, 16, 15, '1'),
(20, 56, 388, 15, 17, 15, 16, '1'),
(20, 57, 389, 13, 15, 13, 14, '1'),
(20, 58, 390, 15, 16, 15, 15, '1'),
(20, 59, 391, 13, 14, 15, 14, '1'),
(20, 60, 392, 16, 17, 18, 17, '1'),
(20, 61, 393, 19, 17, 19, 18, '1'),
(20, 62, 394, 17, 18, 13, 17, '1'),
(20, 62, 395, 19, 18, 19, 19, '1');

-- --------------------------------------------------------

--
-- Estructura de tabla para la tabla `paises`
--

CREATE TABLE `paises` (
  `idpais` int(11) NOT NULL,
  `pais` varchar(50) NOT NULL,
  `estado` char(1) NOT NULL
) ENGINE=InnoDB DEFAULT CHARSET=utf8mb4;

--
-- Volcado de datos para la tabla `paises`
--

INSERT INTO `paises` (`idpais`, `pais`, `estado`) VALUES
(1, 'PERU', '1');

-- --------------------------------------------------------

--
-- Estructura de tabla para la tabla `password_resets`
--

CREATE TABLE `password_resets` (
  `email` varchar(255) COLLATE utf8mb4_unicode_ci NOT NULL,
  `token` varchar(255) COLLATE utf8mb4_unicode_ci NOT NULL,
  `created_at` timestamp NULL DEFAULT NULL
) ENGINE=InnoDB DEFAULT CHARSET=utf8mb4 COLLATE=utf8mb4_unicode_ci;

-- --------------------------------------------------------

--
-- Estructura de tabla para la tabla `periodos`
--

CREATE TABLE `periodos` (
  `idperiodo` int(11) NOT NULL,
  `periodo` int(11) DEFAULT NULL,
  `estado` char(1) NOT NULL
) ENGINE=InnoDB DEFAULT CHARSET=utf8mb4;

--
-- Volcado de datos para la tabla `periodos`
--

INSERT INTO `periodos` (`idperiodo`, `periodo`, `estado`) VALUES
(1, 2017, '1'),
(2, 2018, '1'),
(3, 2019, '1'),
(4, 2020, '1');

-- --------------------------------------------------------

--
-- Estructura de tabla para la tabla `profesores`
--

CREATE TABLE `profesores` (
  `idprofesor` int(11) NOT NULL,
  `profesor` varchar(50) NOT NULL,
  `codigoprofesor` char(18) DEFAULT NULL,
  `estado` char(1) NOT NULL
) ENGINE=InnoDB DEFAULT CHARSET=utf8mb4;

--
-- Volcado de datos para la tabla `profesores`
--

INSERT INTO `profesores` (`idprofesor`, `profesor`, `codigoprofesor`, `estado`) VALUES
(1, 'SALAS PEREZ ANGIE', '030301', '1'),
(2, 'SANCHEZ DIAZ CORINA', '030302', '1'),
(3, 'SALOMON CONTRERAS LUIS LEODAN', '030303', '1'),
(4, 'RODRIGUEZ CORREA CARLOS ', '030304', '1'),
(5, 'DIAZ PALOMINO HERNAN ', '030305', '1'),
(6, 'GONZALES MENDOZA ADELI ', '030306', '1'),
(7, 'HUAMAN  LOZADA JOSE CARLOS ', '030306', '1'),
(8, 'ALAYO ALVARES TANIA ', '020201', '1'),
(9, 'CRUZADO VASQUEZ CINTHIA ', '020202', '1'),
(10, 'CASTRO DOMINGUEZ MARINA ', '020203', '1'),
(11, 'RODRIGUEZ PEREZ CARLOS ', '020204', '1'),
(12, 'GALLARDO SALAZAR PEDRO ', '020205', '1'),
(13, 'PAREDES VELASQUEZ ALEJANDRO ', '020206', '1'),
(14, 'VERA PEREZ JANETH ', '010101', '1'),
(15, 'SANCHEZ CONTRERAZ CONSUELO ', '010102', '1'),
(16, 'DIAZ VALDERRAMA ANA MARIA ', '010103', '1'),
(17, 'Sanchez Vera Juan José', '080804', '0'),
(18, 'Sanchez Vera Juan José', '080801', '1'),
(19, 'Salas Manuel Juan', '080805', '1');

-- --------------------------------------------------------

--
-- Estructura de tabla para la tabla `provincias`
--

CREATE TABLE `provincias` (
  `idprovincia` int(11) NOT NULL,
  `provincia` varchar(50) DEFAULT NULL,
  `iddepartamento` int(11) NOT NULL,
  `estado` char(1) NOT NULL
) ENGINE=InnoDB DEFAULT CHARSET=utf8mb4;

--
-- Volcado de datos para la tabla `provincias`
--

INSERT INTO `provincias` (`idprovincia`, `provincia`, `iddepartamento`, `estado`) VALUES
(101, 'Chachapoyas', 1, '1'),
(102, 'Bagua', 1, '1'),
(103, 'Bongará', 1, '1'),
(104, 'Condorcanqui', 1, '1'),
(105, 'Luya', 1, '1'),
(106, 'Rodríguez de Mendoza', 1, '1'),
(107, 'Utcubamba', 1, '1'),
(201, 'Huaraz', 2, '1'),
(202, 'Aija', 2, '1'),
(203, 'Antonio Raymondi', 2, '1'),
(204, 'Asunción', 2, '1'),
(205, 'Bolognesi', 2, '1'),
(206, 'Carhuaz', 2, '1'),
(207, 'Carlos Fermín Fitzcarrald', 2, '1'),
(208, 'Casma', 2, '1'),
(209, 'Corongo', 2, '1'),
(210, 'Huari', 2, '1'),
(211, 'Huarmey', 2, '1'),
(212, 'Huaylas', 2, '1'),
(213, 'Mariscal Luzuriaga', 2, '1'),
(214, 'Ocros', 2, '1'),
(215, 'Pallasca', 2, '1'),
(216, 'Pomabamba', 2, '1'),
(217, 'Recuay', 2, '1'),
(218, 'Santa', 2, '1'),
(219, 'Sihuas', 2, '1'),
(220, 'Yungay', 2, '1'),
(301, 'Abancay', 3, '1'),
(302, 'Andahuaylas', 3, '1'),
(303, 'Antabamba', 3, '1'),
(304, 'Aymaraes', 3, '1'),
(305, 'Cotabambas', 3, '1'),
(306, 'Chincheros', 3, '1'),
(307, 'Grau', 3, '1'),
(401, 'Arequipa', 4, '1'),
(402, 'Camaná', 4, '1'),
(403, 'Caravelí', 4, '1'),
(404, 'Castilla', 4, '1'),
(405, 'Caylloma', 4, '1'),
(406, 'Condesuyos', 4, '1'),
(407, 'Islay', 4, '1'),
(408, 'La Uniòn', 4, '1'),
(501, 'Huamanga', 5, '1'),
(502, 'Cangallo', 5, '1'),
(503, 'Huanca Sancos', 5, '1'),
(504, 'Huanta', 5, '1'),
(505, 'La Mar', 5, '1'),
(506, 'Lucanas', 5, '1'),
(507, 'Parinacochas', 5, '1'),
(508, 'Pàucar del Sara Sara', 5, '1'),
(509, 'Sucre', 5, '1'),
(510, 'Víctor Fajardo', 5, '1'),
(511, 'Vilcas Huamán', 5, '1'),
(601, 'Cajamarca', 6, '1'),
(602, 'Cajabamba', 6, '1'),
(603, 'Celendín', 6, '1'),
(604, 'Chota', 6, '1'),
(605, 'Contumazá', 6, '1'),
(606, 'Cutervo', 6, '1'),
(607, 'Hualgayoc', 6, '1'),
(608, 'Jaén', 6, '1'),
(609, 'San Ignacio', 6, '1'),
(610, 'San Marcos', 6, '1'),
(611, 'San Miguel', 6, '1'),
(612, 'San Pablo', 6, '1'),
(613, 'Santa Cruz', 6, '1'),
(701, 'Prov. Const. del Callao', 7, '1'),
(801, 'Cusco', 8, '1'),
(802, 'Acomayo', 8, '1'),
(803, 'Anta', 8, '1'),
(804, 'Calca', 8, '1'),
(805, 'Canas', 8, '1'),
(806, 'Canchis', 8, '1'),
(807, 'Chumbivilcas', 8, '1'),
(808, 'Espinar', 8, '1'),
(809, 'La Convención', 8, '1'),
(810, 'Paruro', 8, '1'),
(811, 'Paucartambo', 8, '1'),
(812, 'Quispicanchi', 8, '1'),
(813, 'Urubamba', 8, '1'),
(901, 'Huancavelica', 9, '1'),
(902, 'Acobamba', 9, '1'),
(903, 'Angaraes', 9, '1'),
(904, 'Castrovirreyna', 9, '1'),
(905, 'Churcampa', 9, '1'),
(906, 'Huaytará', 9, '1'),
(907, 'Tayacaja', 9, '1'),
(1001, 'Huánuco', 10, '1'),
(1002, 'Ambo', 10, '1'),
(1003, 'Dos de Mayo', 10, '1'),
(1004, 'Huacaybamba', 10, '1'),
(1005, 'Huamalíes', 10, '1'),
(1006, 'Leoncio Prado', 10, '1'),
(1007, 'Marañón', 10, '1'),
(1008, 'Pachitea', 10, '1'),
(1009, 'Puerto Inca', 10, '1'),
(1010, 'Lauricocha ', 10, '1'),
(1011, 'Yarowilca ', 10, '1'),
(1101, 'Ica ', 11, '1'),
(1102, 'Chincha ', 11, '1'),
(1103, 'Nasca ', 11, '1'),
(1104, 'Palpa ', 11, '1'),
(1105, 'Pisco ', 11, '1'),
(1201, 'Huancayo ', 12, '1'),
(1202, 'Concepción ', 12, '1'),
(1203, 'Chanchamayo ', 12, '1'),
(1204, 'Jauja ', 12, '1'),
(1205, 'Junín ', 12, '1'),
(1206, 'Satipo ', 12, '1'),
(1207, 'Tarma ', 12, '1'),
(1208, 'Yauli ', 12, '1'),
(1209, 'Chupaca ', 12, '1'),
(1301, 'Trujillo ', 13, '1'),
(1302, 'Ascope ', 13, '1'),
(1303, 'Bolívar ', 13, '1'),
(1304, 'Chepén ', 13, '1'),
(1305, 'Julcán ', 13, '1'),
(1306, 'Otuzco ', 13, '1'),
(1307, 'Pacasmayo ', 13, '1'),
(1308, 'Pataz ', 13, '1'),
(1309, 'Sánchez Carrión ', 13, '1'),
(1310, 'Santiago de Chuco ', 13, '1'),
(1311, 'Gran Chimú ', 13, '1'),
(1312, 'Virú ', 13, '1'),
(1401, 'Chiclayo ', 14, '1'),
(1402, 'Ferreñafe ', 14, '1'),
(1403, 'Lambayeque ', 14, '1'),
(1501, 'Lima ', 15, '1'),
(1502, 'Barranca ', 15, '1'),
(1503, 'Cajatambo ', 15, '1'),
(1504, 'Canta ', 15, '1'),
(1505, 'Cañete ', 15, '1'),
(1506, 'Huaral ', 15, '1'),
(1507, 'Huarochirí ', 15, '1'),
(1508, 'Huaura ', 15, '1'),
(1509, 'Oyón ', 15, '1'),
(1510, 'Yauyos ', 15, '1'),
(1601, 'Maynas ', 16, '1'),
(1602, 'Alto Amazonas ', 16, '1'),
(1603, 'Loreto ', 16, '1'),
(1604, 'Mariscal Ramón Castilla ', 16, '1'),
(1605, 'Requena ', 16, '1'),
(1606, 'Ucayali ', 16, '1'),
(1607, 'Datem del Marañón ', 16, '1'),
(1608, 'Putumayo', 16, '1'),
(1701, 'Tambopata ', 17, '1'),
(1702, 'Manu ', 17, '1'),
(1703, 'Tahuamanu ', 17, '1'),
(1801, 'Mariscal Nieto ', 18, '1'),
(1802, 'General Sánchez Cerro ', 18, '1'),
(1803, 'Ilo ', 18, '1'),
(1901, 'Pasco ', 19, '1'),
(1902, 'Daniel Alcides Carrión ', 19, '1'),
(1903, 'Oxapampa ', 19, '1'),
(2001, 'Piura ', 20, '1'),
(2002, 'Ayabaca ', 20, '1'),
(2003, 'Huancabamba ', 20, '1'),
(2004, 'Morropón ', 20, '1'),
(2005, 'Paita ', 20, '1'),
(2006, 'Sullana ', 20, '1'),
(2007, 'Talara ', 20, '1'),
(2008, 'Sechura ', 20, '1'),
(2101, 'Puno ', 21, '1'),
(2102, 'Azángaro ', 21, '1'),
(2103, 'Carabaya ', 21, '1'),
(2104, 'Chucuito ', 21, '1'),
(2105, 'El Collao ', 21, '1'),
(2106, 'Huancané ', 21, '1'),
(2107, 'Lampa ', 21, '1'),
(2108, 'Melgar ', 21, '1'),
(2109, 'Moho ', 21, '1'),
(2110, 'San Antonio de Putina ', 21, '1'),
(2111, 'San Román ', 21, '1'),
(2112, 'Sandia ', 21, '1'),
(2113, 'Yunguyo ', 21, '1'),
(2201, 'Moyobamba ', 22, '1'),
(2202, 'Bellavista ', 22, '1'),
(2203, 'El Dorado ', 22, '1'),
(2204, 'Huallaga ', 22, '1'),
(2205, 'Lamas ', 22, '1'),
(2206, 'Mariscal Cáceres ', 22, '1'),
(2207, 'Picota ', 22, '1'),
(2208, 'Rioja ', 22, '1'),
(2209, 'San Martín ', 22, '1'),
(2210, 'Tocache ', 22, '1'),
(2301, 'Tacna ', 23, '1'),
(2302, 'Candarave ', 23, '1'),
(2303, 'Jorge Basadre ', 23, '1'),
(2304, 'Tarata ', 23, '1'),
(2401, 'Tumbes ', 24, '1'),
(2402, 'Contralmirante Villar ', 24, '1'),
(2403, 'Zarumilla ', 24, '1'),
(2501, 'Coronel Portillo ', 25, '1'),
(2502, 'Atalaya ', 25, '1'),
(2503, 'Padre Abad ', 25, '1'),
(2504, 'Purús', 25, '1');

-- --------------------------------------------------------

--
-- Estructura de tabla para la tabla `roles`
--

CREATE TABLE `roles` (
  `id` bigint(20) UNSIGNED NOT NULL,
  `nombre_rol` varchar(255) COLLATE utf8mb4_unicode_ci NOT NULL,
  `created_at` timestamp NULL DEFAULT NULL,
  `updated_at` timestamp NULL DEFAULT NULL
) ENGINE=InnoDB DEFAULT CHARSET=utf8mb4 COLLATE=utf8mb4_unicode_ci;

--
-- Volcado de datos para la tabla `roles`
--

INSERT INTO `roles` (`id`, `nombre_rol`, `created_at`, `updated_at`) VALUES
(1, 'administrador', NULL, NULL),
(2, 'profesor', NULL, NULL),
(3, 'alumno', NULL, NULL);

-- --------------------------------------------------------

--
-- Estructura de tabla para la tabla `secciones`
--

CREATE TABLE `secciones` (
  `idseccion` int(11) NOT NULL,
  `seccion` char(1) NOT NULL,
  `estado` char(1) NOT NULL,
  `idgrado` int(11) NOT NULL
) ENGINE=InnoDB DEFAULT CHARSET=utf8mb4;

--
-- Volcado de datos para la tabla `secciones`
--

INSERT INTO `secciones` (`idseccion`, `seccion`, `estado`, `idgrado`) VALUES
(1, 'A', '1', 1),
(2, 'A', '1', 2),
(3, 'A', '1', 3),
(4, 'A', '1', 4),
(5, 'A', '1', 5),
(6, 'A', '1', 6),
(7, 'A', '1', 7),
(8, 'A', '1', 8),
(9, 'A', '1', 9),
(10, 'A', '1', 10),
(11, 'A', '1', 11),
(12, 'A', '1', 12),
(13, 'A', '1', 13),
(14, 'A', '1', 14);

-- --------------------------------------------------------

--
-- Estructura de tabla para la tabla `users`
--

CREATE TABLE `users` (
  `id` bigint(20) UNSIGNED NOT NULL,
  `name` varchar(255) COLLATE utf8mb4_unicode_ci NOT NULL,
  `email` varchar(255) COLLATE utf8mb4_unicode_ci NOT NULL,
  `email_verified_at` timestamp NULL DEFAULT NULL,
  `password` varchar(255) COLLATE utf8mb4_unicode_ci NOT NULL,
  `role_id` int(11) DEFAULT 3,
  `remember_token` varchar(100) COLLATE utf8mb4_unicode_ci DEFAULT NULL,
  `created_at` timestamp NULL DEFAULT NULL,
  `updated_at` timestamp NULL DEFAULT NULL
) ENGINE=InnoDB DEFAULT CHARSET=utf8mb4 COLLATE=utf8mb4_unicode_ci;

--
-- Volcado de datos para la tabla `users`
--

INSERT INTO `users` (`id`, `name`, `email`, `email_verified_at`, `password`, `role_id`, `remember_token`, `created_at`, `updated_at`) VALUES
(1, 'admin', 'admin@gmail.com', NULL, '$2y$10$HyM5zMbx0/u.4y5cqg0oa.FLqUDSPpQ9AKugyG1trw1W0776LX2ta', 1, NULL, '2021-01-11 18:40:01', '2021-01-11 18:40:01'),
(2, 'VALVERDE ROSAS JUAN ALBERTO', 'valverde@gmail.com', NULL, '$2y$10$oIj.JeDkCBmvQ78a2UAjf.kjq3L82RBG9OTPrSD5v.gFjUKHqp4OC', 3, NULL, '2021-01-11 18:42:22', '2021-01-11 18:42:22'),
(3, 'SALAS PEREZ ANGIE', 'salas@gmail.com', NULL, '$2y$10$ctVoAqcoUbMe8suwBE8tuuRybmHNAEEBAix4oOJeTZodOz0/41gq.', 2, NULL, '2021-01-11 18:43:21', '2021-01-11 18:43:21'),
(4, 'SANCHEZ DIAZ CORINA', 'sanchez@gmail.com', NULL, '$2y$10$bfoZ19NN.IFNCbWY9eNvI.JUW7MlZrSdKG3ncxopl0JYz/LXuXM/G', 2, NULL, '2021-01-11 21:15:10', '2021-01-11 21:15:10'),
(8, 'leandrex', 'leandro@gmail.com', NULL, '$2y$10$rRwt5xHSA7zBp6k1wxJBX.HB2v8hnzl1FY9yzsuR1bBZ5AU8aAEr2', 3, NULL, '2021-02-03 14:14:02', '2021-02-03 14:14:02'),
(9, 'DIAZ VALDERRAMA ANA MARIA', 'DIAZ123@GMAIL.COM', NULL, '$2y$10$3k4C2T3Nobvp.cOuU5abn.qJiaPibK/yFyCaso3hWeJDG6G3L9E2O', 2, NULL, '2021-02-22 02:20:24', '2021-02-22 02:20:24'),
(10, 'HUAMAN LOZADA JOSE CARLOS', 'HUAMANJOSE@xn--gmai-jqa.com', NULL, '$2y$10$ASb2F24QZ8TlbT4J/nKfquoK.BoPsHic9ld9Fg6rRZ6eoZh3k/Yu6', 2, NULL, '2021-02-22 02:22:36', '2021-02-22 02:22:36'),
(11, 'ALAYO ALVAREZ TANIA', 'ALAYOTANIA@GMAIL.COM', NULL, '$2y$10$34TNQ5jMv.FmHFLs9w/CPukACl6IB49ZcXpZ9De752eDsURT.kdaK', 2, NULL, '2021-02-22 02:23:45', '2021-02-22 02:23:45'),
(12, 'VINUESA TORRICO SEBASTIAN', 'VINUESA@GMAIL.COM', NULL, '$2y$10$CJ05eHvHAvEMLuhkNfWmxOURA7WuBde8LODYXs/ptNe4PGUyXkaMO', 3, NULL, '2021-02-22 02:26:40', '2021-02-22 02:26:40'),
(13, 'VALDES URIARTE JAIME NAHUEL', 'VADES@GMAIL.COM', NULL, '$2y$10$RRyB5hBPUJgrWX1gHuWeJ.FSPtYrUc3VoXTc.ki6Og.pAfYhWcvRC', 3, NULL, '2021-02-22 02:28:54', '2021-02-22 02:28:54');

--
-- Índices para tablas volcadas
--

--
-- Indices de la tabla `alumnos`
--
ALTER TABLE `alumnos`
  ADD PRIMARY KEY (`idalumno`),
  ADD KEY `iddistrito` (`iddistrito`);

--
-- Indices de la tabla `capacidades`
--
ALTER TABLE `capacidades`
  ADD PRIMARY KEY (`idcapacidad`),
  ADD KEY `idcurso` (`idcurso`);

--
-- Indices de la tabla `cursos`
--
ALTER TABLE `cursos`
  ADD PRIMARY KEY (`idcurso`),
  ADD KEY `idgrado` (`idgrado`);

--
-- Indices de la tabla `departamentos`
--
ALTER TABLE `departamentos`
  ADD PRIMARY KEY (`iddepartamento`),
  ADD KEY `idpais` (`idpais`);

--
-- Indices de la tabla `detalle_catedra`
--
ALTER TABLE `detalle_catedra`
  ADD PRIMARY KEY (`id`),
  ADD KEY `idcurso` (`idcurso`),
  ADD KEY `idprofesor` (`idprofesor`);

--
-- Indices de la tabla `distritos`
--
ALTER TABLE `distritos`
  ADD PRIMARY KEY (`iddistrito`),
  ADD KEY `idprovincia` (`idprovincia`);

--
-- Indices de la tabla `failed_jobs`
--
ALTER TABLE `failed_jobs`
  ADD PRIMARY KEY (`id`);

--
-- Indices de la tabla `grados`
--
ALTER TABLE `grados`
  ADD PRIMARY KEY (`idgrado`),
  ADD KEY `idnivel` (`idnivel`);

--
-- Indices de la tabla `matriculas`
--
ALTER TABLE `matriculas`
  ADD PRIMARY KEY (`idmatricula`),
  ADD KEY `idalumno` (`idalumno`),
  ADD KEY `idperiodo` (`idperiodo`),
  ADD KEY `idseccion` (`idseccion`);

--
-- Indices de la tabla `migrations`
--
ALTER TABLE `migrations`
  ADD PRIMARY KEY (`id`);

--
-- Indices de la tabla `niveles`
--
ALTER TABLE `niveles`
  ADD PRIMARY KEY (`idnivel`);

--
-- Indices de la tabla `notas`
--
ALTER TABLE `notas`
  ADD PRIMARY KEY (`idnota`),
  ADD KEY `idmatricula` (`idmatricula`),
  ADD KEY `idcapacidad` (`idcapacidad`);

--
-- Indices de la tabla `paises`
--
ALTER TABLE `paises`
  ADD PRIMARY KEY (`idpais`);

--
-- Indices de la tabla `password_resets`
--
ALTER TABLE `password_resets`
  ADD KEY `password_resets_email_index` (`email`);

--
-- Indices de la tabla `periodos`
--
ALTER TABLE `periodos`
  ADD PRIMARY KEY (`idperiodo`);

--
-- Indices de la tabla `profesores`
--
ALTER TABLE `profesores`
  ADD PRIMARY KEY (`idprofesor`);

--
-- Indices de la tabla `provincias`
--
ALTER TABLE `provincias`
  ADD PRIMARY KEY (`idprovincia`),
  ADD KEY `iddepartamento` (`iddepartamento`);

--
-- Indices de la tabla `roles`
--
ALTER TABLE `roles`
  ADD PRIMARY KEY (`id`);

--
-- Indices de la tabla `secciones`
--
ALTER TABLE `secciones`
  ADD PRIMARY KEY (`idseccion`),
  ADD KEY `idgrado` (`idgrado`);

--
-- Indices de la tabla `users`
--
ALTER TABLE `users`
  ADD PRIMARY KEY (`id`),
  ADD UNIQUE KEY `users_email_unique` (`email`);

--
-- AUTO_INCREMENT de las tablas volcadas
--

--
-- AUTO_INCREMENT de la tabla `alumnos`
--
ALTER TABLE `alumnos`
  MODIFY `idalumno` int(11) NOT NULL AUTO_INCREMENT, AUTO_INCREMENT=21;

--
-- AUTO_INCREMENT de la tabla `capacidades`
--
ALTER TABLE `capacidades`
  MODIFY `idcapacidad` int(11) NOT NULL AUTO_INCREMENT, AUTO_INCREMENT=250;

--
-- AUTO_INCREMENT de la tabla `cursos`
--
ALTER TABLE `cursos`
  MODIFY `idcurso` int(11) NOT NULL AUTO_INCREMENT, AUTO_INCREMENT=84;

--
-- AUTO_INCREMENT de la tabla `departamentos`
--
ALTER TABLE `departamentos`
  MODIFY `iddepartamento` int(11) NOT NULL AUTO_INCREMENT, AUTO_INCREMENT=26;

--
-- AUTO_INCREMENT de la tabla `detalle_catedra`
--
ALTER TABLE `detalle_catedra`
  MODIFY `id` int(11) NOT NULL AUTO_INCREMENT, AUTO_INCREMENT=96;

--
-- AUTO_INCREMENT de la tabla `distritos`
--
ALTER TABLE `distritos`
  MODIFY `iddistrito` int(11) NOT NULL AUTO_INCREMENT, AUTO_INCREMENT=250402;

--
-- AUTO_INCREMENT de la tabla `failed_jobs`
--
ALTER TABLE `failed_jobs`
  MODIFY `id` bigint(20) UNSIGNED NOT NULL AUTO_INCREMENT;

--
-- AUTO_INCREMENT de la tabla `grados`
--
ALTER TABLE `grados`
  MODIFY `idgrado` int(11) NOT NULL AUTO_INCREMENT, AUTO_INCREMENT=15;

--
-- AUTO_INCREMENT de la tabla `matriculas`
--
ALTER TABLE `matriculas`
  MODIFY `idmatricula` int(11) NOT NULL AUTO_INCREMENT, AUTO_INCREMENT=22;

--
-- AUTO_INCREMENT de la tabla `migrations`
--
ALTER TABLE `migrations`
  MODIFY `id` int(10) UNSIGNED NOT NULL AUTO_INCREMENT, AUTO_INCREMENT=12;

--
-- AUTO_INCREMENT de la tabla `niveles`
--
ALTER TABLE `niveles`
  MODIFY `idnivel` int(11) NOT NULL AUTO_INCREMENT, AUTO_INCREMENT=4;

--
-- AUTO_INCREMENT de la tabla `notas`
--
ALTER TABLE `notas`
  MODIFY `idnota` int(11) NOT NULL AUTO_INCREMENT, AUTO_INCREMENT=396;

--
-- AUTO_INCREMENT de la tabla `paises`
--
ALTER TABLE `paises`
  MODIFY `idpais` int(11) NOT NULL AUTO_INCREMENT, AUTO_INCREMENT=2;

--
-- AUTO_INCREMENT de la tabla `periodos`
--
ALTER TABLE `periodos`
  MODIFY `idperiodo` int(11) NOT NULL AUTO_INCREMENT, AUTO_INCREMENT=5;

--
-- AUTO_INCREMENT de la tabla `profesores`
--
ALTER TABLE `profesores`
  MODIFY `idprofesor` int(11) NOT NULL AUTO_INCREMENT, AUTO_INCREMENT=20;

--
-- AUTO_INCREMENT de la tabla `provincias`
--
ALTER TABLE `provincias`
  MODIFY `idprovincia` int(11) NOT NULL AUTO_INCREMENT, AUTO_INCREMENT=2505;

--
-- AUTO_INCREMENT de la tabla `roles`
--
ALTER TABLE `roles`
  MODIFY `id` bigint(20) UNSIGNED NOT NULL AUTO_INCREMENT, AUTO_INCREMENT=4;

--
-- AUTO_INCREMENT de la tabla `secciones`
--
ALTER TABLE `secciones`
  MODIFY `idseccion` int(11) NOT NULL AUTO_INCREMENT, AUTO_INCREMENT=15;

--
-- AUTO_INCREMENT de la tabla `users`
--
ALTER TABLE `users`
  MODIFY `id` bigint(20) UNSIGNED NOT NULL AUTO_INCREMENT, AUTO_INCREMENT=14;

--
-- Restricciones para tablas volcadas
--

--
-- Filtros para la tabla `alumnos`
--
ALTER TABLE `alumnos`
  ADD CONSTRAINT `alumnos_ibfk_1` FOREIGN KEY (`iddistrito`) REFERENCES `distritos` (`iddistrito`);

--
-- Filtros para la tabla `capacidades`
--
ALTER TABLE `capacidades`
  ADD CONSTRAINT `capacidades_ibfk_1` FOREIGN KEY (`idcurso`) REFERENCES `cursos` (`idcurso`);

--
-- Filtros para la tabla `cursos`
--
ALTER TABLE `cursos`
  ADD CONSTRAINT `cursos_ibfk_1` FOREIGN KEY (`idgrado`) REFERENCES `grados` (`idgrado`);

--
-- Filtros para la tabla `departamentos`
--
ALTER TABLE `departamentos`
  ADD CONSTRAINT `departamentos_ibfk_1` FOREIGN KEY (`idpais`) REFERENCES `paises` (`idpais`);

--
-- Filtros para la tabla `detalle_catedra`
--
ALTER TABLE `detalle_catedra`
  ADD CONSTRAINT `detalle_catedra_ibfk_1` FOREIGN KEY (`idcurso`) REFERENCES `cursos` (`idcurso`),
  ADD CONSTRAINT `detalle_catedra_ibfk_2` FOREIGN KEY (`idprofesor`) REFERENCES `profesores` (`idprofesor`);

--
-- Filtros para la tabla `distritos`
--
ALTER TABLE `distritos`
  ADD CONSTRAINT `distritos_ibfk_1` FOREIGN KEY (`idprovincia`) REFERENCES `provincias` (`idprovincia`);

--
-- Filtros para la tabla `grados`
--
ALTER TABLE `grados`
  ADD CONSTRAINT `grados_ibfk_1` FOREIGN KEY (`idnivel`) REFERENCES `niveles` (`idnivel`);

--
-- Filtros para la tabla `matriculas`
--
ALTER TABLE `matriculas`
  ADD CONSTRAINT `matriculas_ibfk_1` FOREIGN KEY (`idalumno`) REFERENCES `alumnos` (`idalumno`),
  ADD CONSTRAINT `matriculas_ibfk_2` FOREIGN KEY (`idperiodo`) REFERENCES `periodos` (`idperiodo`),
  ADD CONSTRAINT `matriculas_ibfk_3` FOREIGN KEY (`idseccion`) REFERENCES `secciones` (`idseccion`);

--
-- Filtros para la tabla `notas`
--
ALTER TABLE `notas`
  ADD CONSTRAINT `notas_ibfk_1` FOREIGN KEY (`idmatricula`) REFERENCES `matriculas` (`idmatricula`),
  ADD CONSTRAINT `notas_ibfk_2` FOREIGN KEY (`idcapacidad`) REFERENCES `capacidades` (`idcapacidad`);

--
-- Filtros para la tabla `provincias`
--
ALTER TABLE `provincias`
  ADD CONSTRAINT `provincias_ibfk_1` FOREIGN KEY (`iddepartamento`) REFERENCES `departamentos` (`iddepartamento`);

--
-- Filtros para la tabla `secciones`
--
ALTER TABLE `secciones`
  ADD CONSTRAINT `secciones_ibfk_1` FOREIGN KEY (`idgrado`) REFERENCES `grados` (`idgrado`);
COMMIT;

/*!40101 SET CHARACTER_SET_CLIENT=@OLD_CHARACTER_SET_CLIENT */;
/*!40101 SET CHARACTER_SET_RESULTS=@OLD_CHARACTER_SET_RESULTS */;
/*!40101 SET COLLATION_CONNECTION=@OLD_COLLATION_CONNECTION */;
